year,month,day,smoothed,trend
2016, 1, 1,  402.67,  401.56
2016, 1, 2,  402.68,  401.56
2016, 1, 3,  402.69,  401.57
2016, 1, 4,  402.70,  401.58
2016, 1, 5,  402.71,  401.59
2016, 1, 6,  402.72,  401.59
2016, 1, 7,  402.73,  401.60
2016, 1, 8,  402.74,  401.61
2016, 1, 9,  402.74,  401.62
2016, 1,10,  402.75,  401.63
2016, 1,11,  402.76,  401.63
2016, 1,12,  402.77,  401.64
2016, 1,13,  402.77,  401.65
2016, 1,14,  402.78,  401.66
2016, 1,15,  402.78,  401.66
2016, 1,16,  402.79,  401.67
2016, 1,17,  402.80,  401.68
2016, 1,18,  402.80,  401.69
2016, 1,19,  402.81,  401.70
2016, 1,20,  402.81,  401.70
2016, 1,21,  402.82,  401.71
2016, 1,22,  402.82,  401.72
2016, 1,23,  402.83,  401.73
2016, 1,24,  402.84,  401.74
2016, 1,25,  402.84,  401.74
2016, 1,26,  402.85,  401.75
2016, 1,27,  402.85,  401.76
2016, 1,28,  402.86,  401.77
2016, 1,29,  402.87,  401.78
2016, 1,30,  402.87,  401.78
2016, 1,31,  402.88,  401.79
2016, 2, 1,  402.89,  401.80
2016, 2, 2,  402.90,  401.81
2016, 2, 3,  402.91,  401.82
2016, 2, 4,  402.91,  401.82
2016, 2, 5,  402.92,  401.83
2016, 2, 6,  402.93,  401.84
2016, 2, 7,  402.94,  401.85
2016, 2, 8,  402.96,  401.86
2016, 2, 9,  402.97,  401.86
2016, 2,10,  402.98,  401.87
2016, 2,11,  402.99,  401.88
2016, 2,12,  403.00,  401.89
2016, 2,13,  403.02,  401.90
2016, 2,14,  403.03,  401.90
2016, 2,15,  403.05,  401.91
2016, 2,16,  403.06,  401.92
2016, 2,17,  403.08,  401.93
2016, 2,18,  403.10,  401.94
2016, 2,19,  403.12,  401.95
2016, 2,20,  403.13,  401.95
2016, 2,21,  403.15,  401.96
2016, 2,22,  403.17,  401.97
2016, 2,23,  403.19,  401.98
2016, 2,24,  403.22,  401.99
2016, 2,25,  403.24,  402.00
2016, 2,26,  403.26,  402.00
2016, 2,27,  403.28,  402.01
2016, 2,28,  403.31,  402.02
2016, 2,29,  403.33,  402.03
2016, 3, 1,  403.36,  402.04
2016, 3, 2,  403.38,  402.04
2016, 3, 3,  403.41,  402.05
2016, 3, 4,  403.44,  402.06
2016, 3, 5,  403.46,  402.07
2016, 3, 6,  403.49,  402.08
2016, 3, 7,  403.52,  402.09
2016, 3, 8,  403.55,  402.09
2016, 3, 9,  403.58,  402.10
2016, 3,10,  403.61,  402.11
2016, 3,11,  403.64,  402.12
2016, 3,12,  403.67,  402.13
2016, 3,13,  403.70,  402.14
2016, 3,14,  403.73,  402.15
2016, 3,15,  403.76,  402.15
2016, 3,16,  403.79,  402.16
2016, 3,17,  403.83,  402.17
2016, 3,18,  403.86,  402.18
2016, 3,19,  403.89,  402.19
2016, 3,20,  403.92,  402.20
2016, 3,21,  403.95,  402.20
2016, 3,22,  403.99,  402.21
2016, 3,23,  404.02,  402.22
2016, 3,24,  404.05,  402.23
2016, 3,25,  404.08,  402.24
2016, 3,26,  404.11,  402.25
2016, 3,27,  404.14,  402.26
2016, 3,28,  404.18,  402.26
2016, 3,29,  404.21,  402.27
2016, 3,30,  404.24,  402.28
2016, 3,31,  404.27,  402.29
2016, 4, 1,  404.30,  402.30
2016, 4, 2,  404.33,  402.31
2016, 4, 3,  404.36,  402.31
2016, 4, 4,  404.39,  402.32
2016, 4, 5,  404.42,  402.33
2016, 4, 6,  404.44,  402.34
2016, 4, 7,  404.47,  402.35
2016, 4, 8,  404.50,  402.36
2016, 4, 9,  404.53,  402.37
2016, 4,10,  404.55,  402.37
2016, 4,11,  404.58,  402.38
2016, 4,12,  404.60,  402.39
2016, 4,13,  404.63,  402.40
2016, 4,14,  404.65,  402.41
2016, 4,15,  404.68,  402.42
2016, 4,16,  404.70,  402.43
2016, 4,17,  404.72,  402.43
2016, 4,18,  404.74,  402.44
2016, 4,19,  404.76,  402.45
2016, 4,20,  404.78,  402.46
2016, 4,21,  404.80,  402.47
2016, 4,22,  404.82,  402.48
2016, 4,23,  404.84,  402.49
2016, 4,24,  404.86,  402.49
2016, 4,25,  404.87,  402.50
2016, 4,26,  404.89,  402.51
2016, 4,27,  404.90,  402.52
2016, 4,28,  404.91,  402.53
2016, 4,29,  404.93,  402.54
2016, 4,30,  404.94,  402.55
2016, 5, 1,  404.95,  402.55
2016, 5, 2,  404.96,  402.56
2016, 5, 3,  404.97,  402.57
2016, 5, 4,  404.97,  402.58
2016, 5, 5,  404.98,  402.59
2016, 5, 6,  404.99,  402.60
2016, 5, 7,  404.99,  402.61
2016, 5, 8,  404.99,  402.62
2016, 5, 9,  404.99,  402.62
2016, 5,10,  404.99,  402.63
2016, 5,11,  404.99,  402.64
2016, 5,12,  404.99,  402.65
2016, 5,13,  404.99,  402.66
2016, 5,14,  404.98,  402.67
2016, 5,15,  404.97,  402.68
2016, 5,16,  404.97,  402.68
2016, 5,17,  404.96,  402.69
2016, 5,18,  404.94,  402.70
2016, 5,19,  404.93,  402.71
2016, 5,20,  404.92,  402.72
2016, 5,21,  404.90,  402.73
2016, 5,22,  404.88,  402.74
2016, 5,23,  404.86,  402.74
2016, 5,24,  404.84,  402.75
2016, 5,25,  404.82,  402.76
2016, 5,26,  404.79,  402.77
2016, 5,27,  404.76,  402.78
2016, 5,28,  404.74,  402.79
2016, 5,29,  404.71,  402.80
2016, 5,30,  404.67,  402.80
2016, 5,31,  404.64,  402.81
2016, 6, 1,  404.60,  402.82
2016, 6, 2,  404.56,  402.83
2016, 6, 3,  404.52,  402.84
2016, 6, 4,  404.48,  402.85
2016, 6, 5,  404.44,  402.86
2016, 6, 6,  404.39,  402.87
2016, 6, 7,  404.34,  402.87
2016, 6, 8,  404.30,  402.88
2016, 6, 9,  404.24,  402.89
2016, 6,10,  404.19,  402.90
2016, 6,11,  404.14,  402.91
2016, 6,12,  404.08,  402.92
2016, 6,13,  404.02,  402.93
2016, 6,14,  403.96,  402.93
2016, 6,15,  403.90,  402.94
2016, 6,16,  403.84,  402.95
2016, 6,17,  403.77,  402.96
2016, 6,18,  403.71,  402.97
2016, 6,19,  403.64,  402.98
2016, 6,20,  403.57,  402.99
2016, 6,21,  403.50,  402.99
2016, 6,22,  403.43,  403.00
2016, 6,23,  403.35,  403.01
2016, 6,24,  403.28,  403.02
2016, 6,25,  403.20,  403.03
2016, 6,26,  403.13,  403.04
2016, 6,27,  403.05,  403.04
2016, 6,28,  402.97,  403.05
2016, 6,29,  402.89,  403.06
2016, 6,30,  402.81,  403.07
2016, 7, 1,  402.73,  403.08
2016, 7, 2,  402.65,  403.09
2016, 7, 3,  402.57,  403.10
2016, 7, 4,  402.49,  403.10
2016, 7, 5,  402.41,  403.11
2016, 7, 6,  402.32,  403.12
2016, 7, 7,  402.24,  403.13
2016, 7, 8,  402.16,  403.14
2016, 7, 9,  402.08,  403.15
2016, 7,10,  401.99,  403.15
2016, 7,11,  401.91,  403.16
2016, 7,12,  401.83,  403.17
2016, 7,13,  401.75,  403.18
2016, 7,14,  401.67,  403.19
2016, 7,15,  401.59,  403.20
2016, 7,16,  401.51,  403.21
2016, 7,17,  401.43,  403.21
2016, 7,18,  401.35,  403.22
2016, 7,19,  401.27,  403.23
2016, 7,20,  401.19,  403.24
2016, 7,21,  401.12,  403.25
2016, 7,22,  401.04,  403.26
2016, 7,23,  400.97,  403.26
2016, 7,24,  400.90,  403.27
2016, 7,25,  400.83,  403.28
2016, 7,26,  400.76,  403.29
2016, 7,27,  400.69,  403.30
2016, 7,28,  400.63,  403.31
2016, 7,29,  400.56,  403.31
2016, 7,30,  400.50,  403.32
2016, 7,31,  400.44,  403.33
2016, 8, 1,  400.38,  403.34
2016, 8, 2,  400.33,  403.35
2016, 8, 3,  400.27,  403.36
2016, 8, 4,  400.22,  403.36
2016, 8, 5,  400.17,  403.37
2016, 8, 6,  400.12,  403.38
2016, 8, 7,  400.08,  403.39
2016, 8, 8,  400.03,  403.40
2016, 8, 9,  399.99,  403.40
2016, 8,10,  399.95,  403.41
2016, 8,11,  399.92,  403.42
2016, 8,12,  399.89,  403.43
2016, 8,13,  399.86,  403.44
2016, 8,14,  399.83,  403.45
2016, 8,15,  399.81,  403.45
2016, 8,16,  399.78,  403.46
2016, 8,17,  399.77,  403.47
2016, 8,18,  399.75,  403.48
2016, 8,19,  399.74,  403.49
2016, 8,20,  399.73,  403.49
2016, 8,21,  399.72,  403.50
2016, 8,22,  399.72,  403.51
2016, 8,23,  399.71,  403.52
2016, 8,24,  399.72,  403.53
2016, 8,25,  399.72,  403.53
2016, 8,26,  399.73,  403.54
2016, 8,27,  399.74,  403.55
2016, 8,28,  399.75,  403.56
2016, 8,29,  399.77,  403.57
2016, 8,30,  399.79,  403.57
2016, 8,31,  399.81,  403.58
2016, 9, 1,  399.83,  403.59
2016, 9, 2,  399.86,  403.60
2016, 9, 3,  399.89,  403.61
2016, 9, 4,  399.92,  403.61
2016, 9, 5,  399.96,  403.62
2016, 9, 6,  400.00,  403.63
2016, 9, 7,  400.04,  403.64
2016, 9, 8,  400.08,  403.65
2016, 9, 9,  400.12,  403.65
2016, 9,10,  400.17,  403.66
2016, 9,11,  400.22,  403.67
2016, 9,12,  400.27,  403.68
2016, 9,13,  400.32,  403.69
2016, 9,14,  400.37,  403.69
2016, 9,15,  400.43,  403.70
2016, 9,16,  400.49,  403.71
2016, 9,17,  400.55,  403.72
2016, 9,18,  400.61,  403.72
2016, 9,19,  400.67,  403.73
2016, 9,20,  400.73,  403.74
2016, 9,21,  400.80,  403.75
2016, 9,22,  400.86,  403.76
2016, 9,23,  400.93,  403.76
2016, 9,24,  400.99,  403.77
2016, 9,25,  401.06,  403.78
2016, 9,26,  401.13,  403.79
2016, 9,27,  401.19,  403.79
2016, 9,28,  401.26,  403.80
2016, 9,29,  401.33,  403.81
2016, 9,30,  401.40,  403.82
2016,10, 1,  401.47,  403.82
2016,10, 2,  401.53,  403.83
2016,10, 3,  401.60,  403.84
2016,10, 4,  401.67,  403.85
2016,10, 5,  401.74,  403.86
2016,10, 6,  401.80,  403.86
2016,10, 7,  401.87,  403.87
2016,10, 8,  401.93,  403.88
2016,10, 9,  402.00,  403.89
2016,10,10,  402.06,  403.89
2016,10,11,  402.13,  403.90
2016,10,12,  402.19,  403.91
2016,10,13,  402.25,  403.92
2016,10,14,  402.31,  403.92
2016,10,15,  402.37,  403.93
2016,10,16,  402.43,  403.94
2016,10,17,  402.49,  403.95
2016,10,18,  402.55,  403.95
2016,10,19,  402.60,  403.96
2016,10,20,  402.66,  403.97
2016,10,21,  402.71,  403.97
2016,10,22,  402.76,  403.98
2016,10,23,  402.82,  403.99
2016,10,24,  402.87,  404.00
2016,10,25,  402.92,  404.00
2016,10,26,  402.97,  404.01
2016,10,27,  403.01,  404.02
2016,10,28,  403.06,  404.03
2016,10,29,  403.11,  404.03
2016,10,30,  403.15,  404.04
2016,10,31,  403.20,  404.05
2016,11, 1,  403.24,  404.06
2016,11, 2,  403.29,  404.06
2016,11, 3,  403.33,  404.07
2016,11, 4,  403.37,  404.08
2016,11, 5,  403.41,  404.08
2016,11, 6,  403.45,  404.09
2016,11, 7,  403.49,  404.10
2016,11, 8,  403.53,  404.11
2016,11, 9,  403.57,  404.11
2016,11,10,  403.61,  404.12
2016,11,11,  403.65,  404.13
2016,11,12,  403.69,  404.13
2016,11,13,  403.73,  404.14
2016,11,14,  403.77,  404.15
2016,11,15,  403.81,  404.15
2016,11,16,  403.84,  404.16
2016,11,17,  403.88,  404.17
2016,11,18,  403.92,  404.18
2016,11,19,  403.96,  404.18
2016,11,20,  403.99,  404.19
2016,11,21,  404.03,  404.20
2016,11,22,  404.07,  404.20
2016,11,23,  404.11,  404.21
2016,11,24,  404.15,  404.22
2016,11,25,  404.18,  404.22
2016,11,26,  404.22,  404.23
2016,11,27,  404.26,  404.24
2016,11,28,  404.30,  404.25
2016,11,29,  404.34,  404.25
2016,11,30,  404.38,  404.26
2016,12, 1,  404.41,  404.27
2016,12, 2,  404.45,  404.27
2016,12, 3,  404.49,  404.28
2016,12, 4,  404.53,  404.29
2016,12, 5,  404.57,  404.29
2016,12, 6,  404.61,  404.30
2016,12, 7,  404.65,  404.31
2016,12, 8,  404.69,  404.31
2016,12, 9,  404.73,  404.32
2016,12,10,  404.77,  404.33
2016,12,11,  404.81,  404.33
2016,12,12,  404.84,  404.34
2016,12,13,  404.88,  404.35
2016,12,14,  404.92,  404.35
2016,12,15,  404.96,  404.36
2016,12,16,  405.00,  404.37
2016,12,17,  405.04,  404.37
2016,12,18,  405.08,  404.38
2016,12,19,  405.12,  404.39
2016,12,20,  405.15,  404.39
2016,12,21,  405.19,  404.40
2016,12,22,  405.23,  404.41
2016,12,23,  405.27,  404.41
2016,12,24,  405.30,  404.42
2016,12,25,  405.34,  404.43
2016,12,26,  405.38,  404.43
2016,12,27,  405.41,  404.44
2016,12,28,  405.45,  404.44
2016,12,29,  405.48,  404.45
2016,12,30,  405.52,  404.46
2016,12,31,  405.55,  404.46
2017, 1, 1,  405.59,  404.47
2017, 1, 2,  405.62,  404.48
2017, 1, 3,  405.65,  404.48
2017, 1, 4,  405.69,  404.49
2017, 1, 5,  405.72,  404.50
2017, 1, 6,  405.75,  404.50
2017, 1, 7,  405.78,  404.51
2017, 1, 8,  405.81,  404.51
2017, 1, 9,  405.84,  404.52
2017, 1,10,  405.87,  404.53
2017, 1,11,  405.90,  404.53
2017, 1,12,  405.93,  404.54
2017, 1,13,  405.96,  404.55
2017, 1,14,  405.99,  404.55
2017, 1,15,  406.02,  404.56
2017, 1,16,  406.04,  404.57
2017, 1,17,  406.07,  404.57
2017, 1,18,  406.10,  404.58
2017, 1,19,  406.12,  404.58
2017, 1,20,  406.15,  404.59
2017, 1,21,  406.17,  404.60
2017, 1,22,  406.19,  404.60
2017, 1,23,  406.22,  404.61
2017, 1,24,  406.24,  404.61
2017, 1,25,  406.26,  404.62
2017, 1,26,  406.29,  404.63
2017, 1,27,  406.31,  404.63
2017, 1,28,  406.33,  404.64
2017, 1,29,  406.35,  404.65
2017, 1,30,  406.37,  404.65
2017, 1,31,  406.39,  404.66
2017, 2, 1,  406.41,  404.66
2017, 2, 2,  406.42,  404.67
2017, 2, 3,  406.44,  404.68
2017, 2, 4,  406.46,  404.68
2017, 2, 5,  406.48,  404.69
2017, 2, 6,  406.49,  404.69
2017, 2, 7,  406.51,  404.70
2017, 2, 8,  406.52,  404.71
2017, 2, 9,  406.54,  404.71
2017, 2,10,  406.55,  404.72
2017, 2,11,  406.57,  404.72
2017, 2,12,  406.58,  404.73
2017, 2,13,  406.59,  404.74
2017, 2,14,  406.61,  404.74
2017, 2,15,  406.62,  404.75
2017, 2,16,  406.63,  404.75
2017, 2,17,  406.64,  404.76
2017, 2,18,  406.65,  404.76
2017, 2,19,  406.66,  404.77
2017, 2,20,  406.67,  404.78
2017, 2,21,  406.68,  404.78
2017, 2,22,  406.69,  404.79
2017, 2,23,  406.70,  404.79
2017, 2,24,  406.71,  404.80
2017, 2,25,  406.71,  404.81
2017, 2,26,  406.72,  404.81
2017, 2,27,  406.73,  404.82
2017, 2,28,  406.73,  404.82
2017, 3, 1,  406.74,  404.83
2017, 3, 2,  406.75,  404.83
2017, 3, 3,  406.75,  404.84
2017, 3, 4,  406.76,  404.85
2017, 3, 5,  406.76,  404.85
2017, 3, 6,  406.77,  404.86
2017, 3, 7,  406.77,  404.86
2017, 3, 8,  406.78,  404.87
2017, 3, 9,  406.78,  404.87
2017, 3,10,  406.79,  404.88
2017, 3,11,  406.79,  404.89
2017, 3,12,  406.79,  404.89
2017, 3,13,  406.80,  404.90
2017, 3,14,  406.80,  404.90
2017, 3,15,  406.81,  404.91
2017, 3,16,  406.81,  404.91
2017, 3,17,  406.81,  404.92
2017, 3,18,  406.82,  404.92
2017, 3,19,  406.82,  404.93
2017, 3,20,  406.83,  404.94
2017, 3,21,  406.83,  404.94
2017, 3,22,  406.84,  404.95
2017, 3,23,  406.84,  404.95
2017, 3,24,  406.84,  404.96
2017, 3,25,  406.85,  404.96
2017, 3,26,  406.86,  404.97
2017, 3,27,  406.86,  404.97
2017, 3,28,  406.87,  404.98
2017, 3,29,  406.87,  404.99
2017, 3,30,  406.88,  404.99
2017, 3,31,  406.89,  405.00
2017, 4, 1,  406.89,  405.00
2017, 4, 2,  406.90,  405.01
2017, 4, 3,  406.91,  405.01
2017, 4, 4,  406.92,  405.02
2017, 4, 5,  406.93,  405.02
2017, 4, 6,  406.93,  405.03
2017, 4, 7,  406.94,  405.03
2017, 4, 8,  406.95,  405.04
2017, 4, 9,  406.96,  405.05
2017, 4,10,  406.97,  405.05
2017, 4,11,  406.98,  405.06
2017, 4,12,  406.99,  405.06
2017, 4,13,  407.01,  405.07
2017, 4,14,  407.02,  405.07
2017, 4,15,  407.03,  405.08
2017, 4,16,  407.04,  405.08
2017, 4,17,  407.05,  405.09
2017, 4,18,  407.07,  405.09
2017, 4,19,  407.08,  405.10
2017, 4,20,  407.09,  405.11
2017, 4,21,  407.10,  405.11
2017, 4,22,  407.12,  405.12
2017, 4,23,  407.13,  405.12
2017, 4,24,  407.14,  405.13
2017, 4,25,  407.15,  405.13
2017, 4,26,  407.17,  405.14
2017, 4,27,  407.18,  405.14
2017, 4,28,  407.19,  405.15
2017, 4,29,  407.20,  405.15
2017, 4,30,  407.21,  405.16
2017, 5, 1,  407.22,  405.16
2017, 5, 2,  407.23,  405.17
2017, 5, 3,  407.24,  405.17
2017, 5, 4,  407.25,  405.18
2017, 5, 5,  407.26,  405.19
2017, 5, 6,  407.27,  405.19
2017, 5, 7,  407.28,  405.20
2017, 5, 8,  407.28,  405.20
2017, 5, 9,  407.29,  405.21
2017, 5,10,  407.29,  405.21
2017, 5,11,  407.29,  405.22
2017, 5,12,  407.30,  405.22
2017, 5,13,  407.30,  405.23
2017, 5,14,  407.30,  405.23
2017, 5,15,  407.29,  405.24
2017, 5,16,  407.29,  405.24
2017, 5,17,  407.29,  405.25
2017, 5,18,  407.28,  405.25
2017, 5,19,  407.27,  405.26
2017, 5,20,  407.26,  405.26
2017, 5,21,  407.25,  405.27
2017, 5,22,  407.24,  405.27
2017, 5,23,  407.22,  405.28
2017, 5,24,  407.21,  405.29
2017, 5,25,  407.19,  405.29
2017, 5,26,  407.17,  405.30
2017, 5,27,  407.15,  405.30
2017, 5,28,  407.12,  405.31
2017, 5,29,  407.10,  405.31
2017, 5,30,  407.07,  405.32
2017, 5,31,  407.04,  405.32
2017, 6, 1,  407.01,  405.33
2017, 6, 2,  406.97,  405.33
2017, 6, 3,  406.94,  405.34
2017, 6, 4,  406.90,  405.34
2017, 6, 5,  406.86,  405.35
2017, 6, 6,  406.82,  405.35
2017, 6, 7,  406.77,  405.36
2017, 6, 8,  406.73,  405.36
2017, 6, 9,  406.68,  405.37
2017, 6,10,  406.63,  405.37
2017, 6,11,  406.58,  405.38
2017, 6,12,  406.52,  405.38
2017, 6,13,  406.47,  405.39
2017, 6,14,  406.41,  405.39
2017, 6,15,  406.35,  405.40
2017, 6,16,  406.29,  405.41
2017, 6,17,  406.23,  405.41
2017, 6,18,  406.16,  405.42
2017, 6,19,  406.10,  405.42
2017, 6,20,  406.03,  405.43
2017, 6,21,  405.96,  405.43
2017, 6,22,  405.90,  405.44
2017, 6,23,  405.83,  405.44
2017, 6,24,  405.75,  405.45
2017, 6,25,  405.68,  405.45
2017, 6,26,  405.61,  405.46
2017, 6,27,  405.53,  405.46
2017, 6,28,  405.46,  405.47
2017, 6,29,  405.38,  405.47
2017, 6,30,  405.30,  405.48
2017, 7, 1,  405.23,  405.48
2017, 7, 2,  405.15,  405.49
2017, 7, 3,  405.07,  405.49
2017, 7, 4,  404.99,  405.50
2017, 7, 5,  404.91,  405.50
2017, 7, 6,  404.83,  405.51
2017, 7, 7,  404.75,  405.51
2017, 7, 8,  404.67,  405.52
2017, 7, 9,  404.60,  405.52
2017, 7,10,  404.52,  405.53
2017, 7,11,  404.44,  405.54
2017, 7,12,  404.36,  405.54
2017, 7,13,  404.28,  405.55
2017, 7,14,  404.20,  405.55
2017, 7,15,  404.13,  405.56
2017, 7,16,  404.05,  405.56
2017, 7,17,  403.97,  405.57
2017, 7,18,  403.90,  405.57
2017, 7,19,  403.83,  405.58
2017, 7,20,  403.75,  405.58
2017, 7,21,  403.68,  405.59
2017, 7,22,  403.61,  405.59
2017, 7,23,  403.54,  405.60
2017, 7,24,  403.47,  405.60
2017, 7,25,  403.40,  405.61
2017, 7,26,  403.33,  405.61
2017, 7,27,  403.27,  405.62
2017, 7,28,  403.20,  405.62
2017, 7,29,  403.14,  405.63
2017, 7,30,  403.08,  405.63
2017, 7,31,  403.02,  405.64
2017, 8, 1,  402.96,  405.65
2017, 8, 2,  402.90,  405.65
2017, 8, 3,  402.84,  405.66
2017, 8, 4,  402.79,  405.66
2017, 8, 5,  402.74,  405.67
2017, 8, 6,  402.69,  405.67
2017, 8, 7,  402.64,  405.68
2017, 8, 8,  402.59,  405.68
2017, 8, 9,  402.54,  405.69
2017, 8,10,  402.50,  405.69
2017, 8,11,  402.45,  405.70
2017, 8,12,  402.41,  405.70
2017, 8,13,  402.37,  405.71
2017, 8,14,  402.34,  405.71
2017, 8,15,  402.30,  405.72
2017, 8,16,  402.27,  405.72
2017, 8,17,  402.23,  405.73
2017, 8,18,  402.20,  405.74
2017, 8,19,  402.18,  405.74
2017, 8,20,  402.15,  405.75
2017, 8,21,  402.12,  405.75
2017, 8,22,  402.10,  405.76
2017, 8,23,  402.08,  405.76
2017, 8,24,  402.06,  405.77
2017, 8,25,  402.05,  405.77
2017, 8,26,  402.03,  405.78
2017, 8,27,  402.02,  405.78
2017, 8,28,  402.01,  405.79
2017, 8,29,  402.01,  405.79
2017, 8,30,  402.00,  405.80
2017, 8,31,  402.00,  405.80
2017, 9, 1,  402.00,  405.81
2017, 9, 2,  402.00,  405.82
2017, 9, 3,  402.00,  405.82
2017, 9, 4,  402.01,  405.83
2017, 9, 5,  402.02,  405.83
2017, 9, 6,  402.03,  405.84
2017, 9, 7,  402.04,  405.84
2017, 9, 8,  402.05,  405.85
2017, 9, 9,  402.07,  405.85
2017, 9,10,  402.09,  405.86
2017, 9,11,  402.11,  405.86
2017, 9,12,  402.14,  405.87
2017, 9,13,  402.16,  405.87
2017, 9,14,  402.19,  405.88
2017, 9,15,  402.22,  405.89
2017, 9,16,  402.26,  405.89
2017, 9,17,  402.29,  405.90
2017, 9,18,  402.33,  405.90
2017, 9,19,  402.37,  405.91
2017, 9,20,  402.41,  405.91
2017, 9,21,  402.45,  405.92
2017, 9,22,  402.50,  405.92
2017, 9,23,  402.55,  405.93
2017, 9,24,  402.60,  405.93
2017, 9,25,  402.65,  405.94
2017, 9,26,  402.70,  405.95
2017, 9,27,  402.76,  405.95
2017, 9,28,  402.82,  405.96
2017, 9,29,  402.88,  405.96
2017, 9,30,  402.94,  405.97
2017,10, 1,  403.00,  405.97
2017,10, 2,  403.06,  405.98
2017,10, 3,  403.13,  405.98
2017,10, 4,  403.20,  405.99
2017,10, 5,  403.26,  406.00
2017,10, 6,  403.33,  406.00
2017,10, 7,  403.40,  406.01
2017,10, 8,  403.47,  406.01
2017,10, 9,  403.54,  406.02
2017,10,10,  403.62,  406.02
2017,10,11,  403.69,  406.03
2017,10,12,  403.76,  406.03
2017,10,13,  403.84,  406.04
2017,10,14,  403.91,  406.05
2017,10,15,  403.99,  406.05
2017,10,16,  404.06,  406.06
2017,10,17,  404.14,  406.06
2017,10,18,  404.21,  406.07
2017,10,19,  404.29,  406.07
2017,10,20,  404.36,  406.08
2017,10,21,  404.44,  406.09
2017,10,22,  404.51,  406.09
2017,10,23,  404.59,  406.10
2017,10,24,  404.66,  406.10
2017,10,25,  404.73,  406.11
2017,10,26,  404.81,  406.11
2017,10,27,  404.88,  406.12
2017,10,28,  404.95,  406.13
2017,10,29,  405.02,  406.13
2017,10,30,  405.09,  406.14
2017,10,31,  405.16,  406.14
2017,11, 1,  405.22,  406.15
2017,11, 2,  405.29,  406.15
2017,11, 3,  405.35,  406.16
2017,11, 4,  405.42,  406.17
2017,11, 5,  405.48,  406.17
2017,11, 6,  405.54,  406.18
2017,11, 7,  405.60,  406.18
2017,11, 8,  405.66,  406.19
2017,11, 9,  405.72,  406.19
2017,11,10,  405.77,  406.20
2017,11,11,  405.83,  406.21
2017,11,12,  405.88,  406.21
2017,11,13,  405.94,  406.22
2017,11,14,  405.99,  406.22
2017,11,15,  406.04,  406.23
2017,11,16,  406.09,  406.23
2017,11,17,  406.13,  406.24
2017,11,18,  406.18,  406.25
2017,11,19,  406.23,  406.25
2017,11,20,  406.27,  406.26
2017,11,21,  406.31,  406.26
2017,11,22,  406.35,  406.27
2017,11,23,  406.40,  406.28
2017,11,24,  406.44,  406.28
2017,11,25,  406.47,  406.29
2017,11,26,  406.51,  406.29
2017,11,27,  406.55,  406.30
2017,11,28,  406.59,  406.31
2017,11,29,  406.62,  406.31
2017,11,30,  406.66,  406.32
2017,12, 1,  406.69,  406.32
2017,12, 2,  406.73,  406.33
2017,12, 3,  406.76,  406.33
2017,12, 4,  406.79,  406.34
2017,12, 5,  406.82,  406.35
2017,12, 6,  406.86,  406.35
2017,12, 7,  406.89,  406.36
2017,12, 8,  406.92,  406.36
2017,12, 9,  406.95,  406.37
2017,12,10,  406.98,  406.38
2017,12,11,  407.01,  406.38
2017,12,12,  407.04,  406.39
2017,12,13,  407.07,  406.39
2017,12,14,  407.10,  406.40
2017,12,15,  407.12,  406.41
2017,12,16,  407.15,  406.41
2017,12,17,  407.18,  406.42
2017,12,18,  407.21,  406.42
2017,12,19,  407.24,  406.43
2017,12,20,  407.26,  406.44
2017,12,21,  407.29,  406.44
2017,12,22,  407.32,  406.45
2017,12,23,  407.35,  406.46
2017,12,24,  407.37,  406.46
2017,12,25,  407.40,  406.47
2017,12,26,  407.42,  406.47
2017,12,27,  407.45,  406.48
2017,12,28,  407.48,  406.49
2017,12,29,  407.50,  406.49
2017,12,30,  407.53,  406.50
2017,12,31,  407.55,  406.50
2018, 1, 1,  407.58,  406.51
2018, 1, 2,  407.60,  406.52
2018, 1, 3,  407.62,  406.52
2018, 1, 4,  407.65,  406.53
2018, 1, 5,  407.67,  406.53
2018, 1, 6,  407.69,  406.54
2018, 1, 7,  407.72,  406.55
2018, 1, 8,  407.74,  406.55
2018, 1, 9,  407.76,  406.56
2018, 1,10,  407.78,  406.57
2018, 1,11,  407.80,  406.57
2018, 1,12,  407.82,  406.58
2018, 1,13,  407.84,  406.58
2018, 1,14,  407.86,  406.59
2018, 1,15,  407.88,  406.60
2018, 1,16,  407.90,  406.60
2018, 1,17,  407.91,  406.61
2018, 1,18,  407.93,  406.61
2018, 1,19,  407.95,  406.62
2018, 1,20,  407.96,  406.63
2018, 1,21,  407.98,  406.63
2018, 1,22,  407.99,  406.64
2018, 1,23,  408.01,  406.65
2018, 1,24,  408.02,  406.65
2018, 1,25,  408.04,  406.66
2018, 1,26,  408.05,  406.66
2018, 1,27,  408.06,  406.67
2018, 1,28,  408.07,  406.68
2018, 1,29,  408.09,  406.68
2018, 1,30,  408.10,  406.69
2018, 1,31,  408.11,  406.70
2018, 2, 1,  408.12,  406.70
2018, 2, 2,  408.13,  406.71
2018, 2, 3,  408.14,  406.72
2018, 2, 4,  408.15,  406.72
2018, 2, 5,  408.17,  406.73
2018, 2, 6,  408.18,  406.73
2018, 2, 7,  408.19,  406.74
2018, 2, 8,  408.20,  406.75
2018, 2, 9,  408.21,  406.75
2018, 2,10,  408.22,  406.76
2018, 2,11,  408.23,  406.77
2018, 2,12,  408.24,  406.77
2018, 2,13,  408.25,  406.78
2018, 2,14,  408.26,  406.79
2018, 2,15,  408.27,  406.79
2018, 2,16,  408.29,  406.80
2018, 2,17,  408.30,  406.80
2018, 2,18,  408.31,  406.81
2018, 2,19,  408.32,  406.82
2018, 2,20,  408.34,  406.82
2018, 2,21,  408.35,  406.83
2018, 2,22,  408.36,  406.84
2018, 2,23,  408.38,  406.84
2018, 2,24,  408.39,  406.85
2018, 2,25,  408.41,  406.86
2018, 2,26,  408.42,  406.86
2018, 2,27,  408.44,  406.87
2018, 2,28,  408.45,  406.87
2018, 3, 1,  408.47,  406.88
2018, 3, 2,  408.49,  406.89
2018, 3, 3,  408.50,  406.89
2018, 3, 4,  408.52,  406.90
2018, 3, 5,  408.54,  406.91
2018, 3, 6,  408.56,  406.91
2018, 3, 7,  408.57,  406.92
2018, 3, 8,  408.59,  406.93
2018, 3, 9,  408.61,  406.93
2018, 3,10,  408.63,  406.94
2018, 3,11,  408.65,  406.95
2018, 3,12,  408.67,  406.95
2018, 3,13,  408.69,  406.96
2018, 3,14,  408.71,  406.97
2018, 3,15,  408.73,  406.97
2018, 3,16,  408.75,  406.98
2018, 3,17,  408.77,  406.99
2018, 3,18,  408.79,  406.99
2018, 3,19,  408.81,  407.00
2018, 3,20,  408.84,  407.00
2018, 3,21,  408.86,  407.01
2018, 3,22,  408.88,  407.02
2018, 3,23,  408.90,  407.02
2018, 3,24,  408.92,  407.03
2018, 3,25,  408.94,  407.04
2018, 3,26,  408.96,  407.04
2018, 3,27,  408.98,  407.05
2018, 3,28,  409.00,  407.06
2018, 3,29,  409.02,  407.06
2018, 3,30,  409.04,  407.07
2018, 3,31,  409.06,  407.08
2018, 4, 1,  409.08,  407.08
2018, 4, 2,  409.10,  407.09
2018, 4, 3,  409.11,  407.10
2018, 4, 4,  409.13,  407.10
2018, 4, 5,  409.15,  407.11
2018, 4, 6,  409.17,  407.12
2018, 4, 7,  409.19,  407.12
2018, 4, 8,  409.20,  407.13
2018, 4, 9,  409.22,  407.14
2018, 4,10,  409.24,  407.14
2018, 4,11,  409.25,  407.15
2018, 4,12,  409.27,  407.16
2018, 4,13,  409.29,  407.16
2018, 4,14,  409.30,  407.17
2018, 4,15,  409.32,  407.18
2018, 4,16,  409.33,  407.18
2018, 4,17,  409.35,  407.19
2018, 4,18,  409.36,  407.20
2018, 4,19,  409.37,  407.20
2018, 4,20,  409.39,  407.21
2018, 4,21,  409.40,  407.22
2018, 4,22,  409.41,  407.22
2018, 4,23,  409.43,  407.23
2018, 4,24,  409.44,  407.24
2018, 4,25,  409.45,  407.24
2018, 4,26,  409.46,  407.25
2018, 4,27,  409.47,  407.26
2018, 4,28,  409.48,  407.26
2018, 4,29,  409.49,  407.27
2018, 4,30,  409.50,  407.28
2018, 5, 1,  409.51,  407.28
2018, 5, 2,  409.52,  407.29
2018, 5, 3,  409.53,  407.30
2018, 5, 4,  409.54,  407.30
2018, 5, 5,  409.55,  407.31
2018, 5, 6,  409.55,  407.32
2018, 5, 7,  409.56,  407.32
2018, 5, 8,  409.56,  407.33
2018, 5, 9,  409.57,  407.34
2018, 5,10,  409.57,  407.34
2018, 5,11,  409.58,  407.35
2018, 5,12,  409.58,  407.36
2018, 5,13,  409.58,  407.36
2018, 5,14,  409.58,  407.37
2018, 5,15,  409.58,  407.38
2018, 5,16,  409.58,  407.38
2018, 5,17,  409.58,  407.39
2018, 5,18,  409.57,  407.40
2018, 5,19,  409.57,  407.40
2018, 5,20,  409.56,  407.41
2018, 5,21,  409.55,  407.42
2018, 5,22,  409.54,  407.42
2018, 5,23,  409.53,  407.43
2018, 5,24,  409.52,  407.44
2018, 5,25,  409.51,  407.44
2018, 5,26,  409.49,  407.45
2018, 5,27,  409.48,  407.46
2018, 5,28,  409.46,  407.46
2018, 5,29,  409.44,  407.47
2018, 5,30,  409.42,  407.48
2018, 5,31,  409.40,  407.48
2018, 6, 1,  409.37,  407.49
2018, 6, 2,  409.34,  407.50
2018, 6, 3,  409.31,  407.50
2018, 6, 4,  409.28,  407.51
2018, 6, 5,  409.25,  407.52
2018, 6, 6,  409.22,  407.52
2018, 6, 7,  409.18,  407.53
2018, 6, 8,  409.14,  407.54
2018, 6, 9,  409.10,  407.54
2018, 6,10,  409.06,  407.55
2018, 6,11,  409.01,  407.56
2018, 6,12,  408.96,  407.56
2018, 6,13,  408.92,  407.57
2018, 6,14,  408.86,  407.58
2018, 6,15,  408.81,  407.58
2018, 6,16,  408.76,  407.59
2018, 6,17,  408.70,  407.60
2018, 6,18,  408.64,  407.61
2018, 6,19,  408.58,  407.61
2018, 6,20,  408.52,  407.62
2018, 6,21,  408.45,  407.63
2018, 6,22,  408.39,  407.63
2018, 6,23,  408.32,  407.64
2018, 6,24,  408.25,  407.65
2018, 6,25,  408.18,  407.65
2018, 6,26,  408.11,  407.66
2018, 6,27,  408.04,  407.67
2018, 6,28,  407.96,  407.67
2018, 6,29,  407.89,  407.68
2018, 6,30,  407.81,  407.69
2018, 7, 1,  407.73,  407.69
2018, 7, 2,  407.65,  407.70
2018, 7, 3,  407.57,  407.71
2018, 7, 4,  407.49,  407.71
2018, 7, 5,  407.41,  407.72
2018, 7, 6,  407.33,  407.73
2018, 7, 7,  407.24,  407.73
2018, 7, 8,  407.16,  407.74
2018, 7, 9,  407.08,  407.75
2018, 7,10,  406.99,  407.75
2018, 7,11,  406.91,  407.76
2018, 7,12,  406.83,  407.77
2018, 7,13,  406.74,  407.77
2018, 7,14,  406.66,  407.78
2018, 7,15,  406.57,  407.79
2018, 7,16,  406.49,  407.80
2018, 7,17,  406.41,  407.80
2018, 7,18,  406.33,  407.81
2018, 7,19,  406.25,  407.82
2018, 7,20,  406.17,  407.82
2018, 7,21,  406.09,  407.83
2018, 7,22,  406.01,  407.84
2018, 7,23,  405.93,  407.84
2018, 7,24,  405.85,  407.85
2018, 7,25,  405.78,  407.86
2018, 7,26,  405.70,  407.86
2018, 7,27,  405.63,  407.87
2018, 7,28,  405.56,  407.88
2018, 7,29,  405.49,  407.88
2018, 7,30,  405.42,  407.89
2018, 7,31,  405.36,  407.90
2018, 8, 1,  405.29,  407.90
2018, 8, 2,  405.23,  407.91
2018, 8, 3,  405.17,  407.92
2018, 8, 4,  405.11,  407.92
2018, 8, 5,  405.05,  407.93
2018, 8, 6,  405.00,  407.94
2018, 8, 7,  404.94,  407.95
2018, 8, 8,  404.89,  407.95
2018, 8, 9,  404.84,  407.96
2018, 8,10,  404.80,  407.97
2018, 8,11,  404.75,  407.97
2018, 8,12,  404.71,  407.98
2018, 8,13,  404.67,  407.99
2018, 8,14,  404.63,  407.99
2018, 8,15,  404.60,  408.00
2018, 8,16,  404.57,  408.01
2018, 8,17,  404.54,  408.01
2018, 8,18,  404.51,  408.02
2018, 8,19,  404.48,  408.03
2018, 8,20,  404.46,  408.03
2018, 8,21,  404.44,  408.04
2018, 8,22,  404.42,  408.05
2018, 8,23,  404.40,  408.05
2018, 8,24,  404.39,  408.06
2018, 8,25,  404.38,  408.07
2018, 8,26,  404.37,  408.08
2018, 8,27,  404.37,  408.08
2018, 8,28,  404.36,  408.09
2018, 8,29,  404.36,  408.10
2018, 8,30,  404.36,  408.10
2018, 8,31,  404.36,  408.11
2018, 9, 1,  404.37,  408.12
2018, 9, 2,  404.38,  408.12
2018, 9, 3,  404.39,  408.13
2018, 9, 4,  404.40,  408.14
2018, 9, 5,  404.41,  408.14
2018, 9, 6,  404.43,  408.15
2018, 9, 7,  404.45,  408.16
2018, 9, 8,  404.47,  408.16
2018, 9, 9,  404.49,  408.17
2018, 9,10,  404.52,  408.18
2018, 9,11,  404.55,  408.19
2018, 9,12,  404.58,  408.19
2018, 9,13,  404.61,  408.20
2018, 9,14,  404.64,  408.21
2018, 9,15,  404.68,  408.21
2018, 9,16,  404.71,  408.22
2018, 9,17,  404.75,  408.23
2018, 9,18,  404.79,  408.23
2018, 9,19,  404.83,  408.24
2018, 9,20,  404.88,  408.25
2018, 9,21,  404.92,  408.25
2018, 9,22,  404.97,  408.26
2018, 9,23,  405.02,  408.27
2018, 9,24,  405.06,  408.27
2018, 9,25,  405.12,  408.28
2018, 9,26,  405.17,  408.29
2018, 9,27,  405.22,  408.30
2018, 9,28,  405.28,  408.30
2018, 9,29,  405.33,  408.31
2018, 9,30,  405.39,  408.32
2018,10, 1,  405.45,  408.32
2018,10, 2,  405.50,  408.33
2018,10, 3,  405.56,  408.34
2018,10, 4,  405.63,  408.34
2018,10, 5,  405.69,  408.35
2018,10, 6,  405.75,  408.36
2018,10, 7,  405.81,  408.36
2018,10, 8,  405.88,  408.37
2018,10, 9,  405.94,  408.38
2018,10,10,  406.01,  408.38
2018,10,11,  406.07,  408.39
2018,10,12,  406.14,  408.40
2018,10,13,  406.20,  408.41
2018,10,14,  406.27,  408.41
2018,10,15,  406.34,  408.42
2018,10,16,  406.41,  408.43
2018,10,17,  406.47,  408.43
2018,10,18,  406.54,  408.44
2018,10,19,  406.61,  408.45
2018,10,20,  406.68,  408.45
2018,10,21,  406.75,  408.46
2018,10,22,  406.82,  408.47
2018,10,23,  406.88,  408.47
2018,10,24,  406.95,  408.48
2018,10,25,  407.02,  408.49
2018,10,26,  407.09,  408.50
2018,10,27,  407.15,  408.50
2018,10,28,  407.22,  408.51
2018,10,29,  407.29,  408.52
2018,10,30,  407.36,  408.52
2018,10,31,  407.42,  408.53
2018,11, 1,  407.49,  408.54
2018,11, 2,  407.55,  408.54
2018,11, 3,  407.62,  408.55
2018,11, 4,  407.68,  408.56
2018,11, 5,  407.75,  408.56
2018,11, 6,  407.81,  408.57
2018,11, 7,  407.87,  408.58
2018,11, 8,  407.93,  408.59
2018,11, 9,  408.00,  408.59
2018,11,10,  408.06,  408.60
2018,11,11,  408.12,  408.61
2018,11,12,  408.18,  408.61
2018,11,13,  408.23,  408.62
2018,11,14,  408.29,  408.63
2018,11,15,  408.35,  408.63
2018,11,16,  408.40,  408.64
2018,11,17,  408.46,  408.65
2018,11,18,  408.51,  408.66
2018,11,19,  408.57,  408.66
2018,11,20,  408.62,  408.67
2018,11,21,  408.67,  408.68
2018,11,22,  408.72,  408.68
2018,11,23,  408.77,  408.69
2018,11,24,  408.82,  408.70
2018,11,25,  408.87,  408.70
2018,11,26,  408.91,  408.71
2018,11,27,  408.96,  408.72
2018,11,28,  409.01,  408.72
2018,11,29,  409.05,  408.73
2018,11,30,  409.09,  408.74
2018,12, 1,  409.14,  408.75
2018,12, 2,  409.18,  408.75
2018,12, 3,  409.22,  408.76
2018,12, 4,  409.26,  408.77
2018,12, 5,  409.30,  408.77
2018,12, 6,  409.33,  408.78
2018,12, 7,  409.37,  408.79
2018,12, 8,  409.41,  408.79
2018,12, 9,  409.44,  408.80
2018,12,10,  409.48,  408.81
2018,12,11,  409.51,  408.82
2018,12,12,  409.55,  408.82
2018,12,13,  409.58,  408.83
2018,12,14,  409.61,  408.84
2018,12,15,  409.64,  408.84
2018,12,16,  409.67,  408.85
2018,12,17,  409.70,  408.86
2018,12,18,  409.73,  408.86
2018,12,19,  409.76,  408.87
2018,12,20,  409.79,  408.88
2018,12,21,  409.81,  408.89
2018,12,22,  409.84,  408.89
2018,12,23,  409.87,  408.90
2018,12,24,  409.89,  408.91
2018,12,25,  409.92,  408.91
2018,12,26,  409.94,  408.92
2018,12,27,  409.97,  408.93
2018,12,28,  409.99,  408.94
2018,12,29,  410.02,  408.94
2018,12,30,  410.04,  408.95
2018,12,31,  410.06,  408.96
2019, 1, 1,  410.09,  408.96
2019, 1, 2,  410.11,  408.97
2019, 1, 3,  410.13,  408.98
2019, 1, 4,  410.15,  408.98
2019, 1, 5,  410.17,  408.99
2019, 1, 6,  410.20,  409.00
2019, 1, 7,  410.22,  409.01
2019, 1, 8,  410.24,  409.01
2019, 1, 9,  410.26,  409.02
2019, 1,10,  410.28,  409.03
2019, 1,11,  410.30,  409.03
2019, 1,12,  410.32,  409.04
2019, 1,13,  410.34,  409.05
2019, 1,14,  410.36,  409.06
2019, 1,15,  410.38,  409.06
2019, 1,16,  410.40,  409.07
2019, 1,17,  410.42,  409.08
2019, 1,18,  410.44,  409.08
2019, 1,19,  410.46,  409.09
2019, 1,20,  410.48,  409.10
2019, 1,21,  410.50,  409.10
2019, 1,22,  410.52,  409.11
2019, 1,23,  410.54,  409.12
2019, 1,24,  410.55,  409.13
2019, 1,25,  410.57,  409.13
2019, 1,26,  410.59,  409.14
2019, 1,27,  410.61,  409.15
2019, 1,28,  410.63,  409.15
2019, 1,29,  410.64,  409.16
2019, 1,30,  410.66,  409.17
2019, 1,31,  410.68,  409.18
2019, 2, 1,  410.70,  409.18
2019, 2, 2,  410.71,  409.19
2019, 2, 3,  410.73,  409.20
2019, 2, 4,  410.75,  409.20
2019, 2, 5,  410.76,  409.21
2019, 2, 6,  410.78,  409.22
2019, 2, 7,  410.79,  409.23
2019, 2, 8,  410.81,  409.23
2019, 2, 9,  410.82,  409.24
2019, 2,10,  410.84,  409.25
2019, 2,11,  410.85,  409.25
2019, 2,12,  410.86,  409.26
2019, 2,13,  410.88,  409.27
2019, 2,14,  410.89,  409.28
2019, 2,15,  410.90,  409.28
2019, 2,16,  410.92,  409.29
2019, 2,17,  410.93,  409.30
2019, 2,18,  410.94,  409.30
2019, 2,19,  410.95,  409.31
2019, 2,20,  410.97,  409.32
2019, 2,21,  410.98,  409.33
2019, 2,22,  410.99,  409.33
2019, 2,23,  411.00,  409.34
2019, 2,24,  411.01,  409.35
2019, 2,25,  411.02,  409.36
2019, 2,26,  411.03,  409.36
2019, 2,27,  411.04,  409.37
2019, 2,28,  411.05,  409.38
2019, 3, 1,  411.06,  409.38
2019, 3, 2,  411.07,  409.39
2019, 3, 3,  411.08,  409.40
2019, 3, 4,  411.09,  409.41
2019, 3, 5,  411.10,  409.41
2019, 3, 6,  411.11,  409.42
2019, 3, 7,  411.12,  409.43
2019, 3, 8,  411.13,  409.43
2019, 3, 9,  411.14,  409.44
2019, 3,10,  411.15,  409.45
2019, 3,11,  411.16,  409.46
2019, 3,12,  411.17,  409.46
2019, 3,13,  411.18,  409.47
2019, 3,14,  411.19,  409.48
2019, 3,15,  411.20,  409.49
2019, 3,16,  411.21,  409.49
2019, 3,17,  411.22,  409.50
2019, 3,18,  411.23,  409.51
2019, 3,19,  411.24,  409.51
2019, 3,20,  411.25,  409.52
2019, 3,21,  411.26,  409.53
2019, 3,22,  411.27,  409.54
2019, 3,23,  411.29,  409.54
2019, 3,24,  411.30,  409.55
2019, 3,25,  411.31,  409.56
2019, 3,26,  411.32,  409.56
2019, 3,27,  411.34,  409.57
2019, 3,28,  411.35,  409.58
2019, 3,29,  411.37,  409.59
2019, 3,30,  411.38,  409.59
2019, 3,31,  411.40,  409.60
2019, 4, 1,  411.41,  409.61
2019, 4, 2,  411.43,  409.62
2019, 4, 3,  411.44,  409.62
2019, 4, 4,  411.46,  409.63
2019, 4, 5,  411.48,  409.64
2019, 4, 6,  411.49,  409.65
2019, 4, 7,  411.51,  409.65
2019, 4, 8,  411.53,  409.66
2019, 4, 9,  411.55,  409.67
2019, 4,10,  411.57,  409.67
2019, 4,11,  411.59,  409.68
2019, 4,12,  411.61,  409.69
2019, 4,13,  411.62,  409.70
2019, 4,14,  411.64,  409.70
2019, 4,15,  411.66,  409.71
2019, 4,16,  411.68,  409.72
2019, 4,17,  411.70,  409.73
2019, 4,18,  411.72,  409.73
2019, 4,19,  411.74,  409.74
2019, 4,20,  411.76,  409.75
2019, 4,21,  411.78,  409.75
2019, 4,22,  411.80,  409.76
2019, 4,23,  411.82,  409.77
2019, 4,24,  411.84,  409.78
2019, 4,25,  411.86,  409.78
2019, 4,26,  411.87,  409.79
2019, 4,27,  411.89,  409.80
2019, 4,28,  411.91,  409.81
2019, 4,29,  411.93,  409.81
2019, 4,30,  411.94,  409.82
2019, 5, 1,  411.96,  409.83
2019, 5, 2,  411.97,  409.84
2019, 5, 3,  411.99,  409.84
2019, 5, 4,  412.00,  409.85
2019, 5, 5,  412.01,  409.86
2019, 5, 6,  412.02,  409.87
2019, 5, 7,  412.03,  409.87
2019, 5, 8,  412.04,  409.88
2019, 5, 9,  412.05,  409.89
2019, 5,10,  412.06,  409.89
2019, 5,11,  412.06,  409.90
2019, 5,12,  412.07,  409.91
2019, 5,13,  412.07,  409.92
2019, 5,14,  412.07,  409.92
2019, 5,15,  412.07,  409.93
2019, 5,16,  412.07,  409.94
2019, 5,17,  412.06,  409.95
2019, 5,18,  412.06,  409.95
2019, 5,19,  412.05,  409.96
2019, 5,20,  412.04,  409.97
2019, 5,21,  412.03,  409.98
2019, 5,22,  412.02,  409.98
2019, 5,23,  412.00,  409.99
2019, 5,24,  411.99,  410.00
2019, 5,25,  411.97,  410.01
2019, 5,26,  411.95,  410.01
2019, 5,27,  411.92,  410.02
2019, 5,28,  411.90,  410.03
2019, 5,29,  411.87,  410.04
2019, 5,30,  411.84,  410.04
2019, 5,31,  411.81,  410.05
2019, 6, 1,  411.78,  410.06
2019, 6, 2,  411.74,  410.07
2019, 6, 3,  411.70,  410.07
2019, 6, 4,  411.66,  410.08
2019, 6, 5,  411.62,  410.09
2019, 6, 6,  411.57,  410.09
2019, 6, 7,  411.53,  410.10
2019, 6, 8,  411.48,  410.11
2019, 6, 9,  411.43,  410.12
2019, 6,10,  411.37,  410.12
2019, 6,11,  411.32,  410.13
2019, 6,12,  411.26,  410.14
2019, 6,13,  411.20,  410.15
2019, 6,14,  411.14,  410.15
2019, 6,15,  411.07,  410.16
2019, 6,16,  411.01,  410.17
2019, 6,17,  410.94,  410.18
2019, 6,18,  410.87,  410.18
2019, 6,19,  410.80,  410.19
2019, 6,20,  410.73,  410.20
2019, 6,21,  410.66,  410.21
2019, 6,22,  410.58,  410.21
2019, 6,23,  410.51,  410.22
2019, 6,24,  410.43,  410.23
2019, 6,25,  410.35,  410.24
2019, 6,26,  410.27,  410.24
2019, 6,27,  410.19,  410.25
2019, 6,28,  410.11,  410.26
2019, 6,29,  410.03,  410.27
2019, 6,30,  409.95,  410.27
2019, 7, 1,  409.87,  410.28
2019, 7, 2,  409.78,  410.29
2019, 7, 3,  409.70,  410.30
2019, 7, 4,  409.62,  410.30
2019, 7, 5,  409.53,  410.31
2019, 7, 6,  409.45,  410.32
2019, 7, 7,  409.37,  410.33
2019, 7, 8,  409.28,  410.33
2019, 7, 9,  409.20,  410.34
2019, 7,10,  409.12,  410.35
2019, 7,11,  409.03,  410.36
2019, 7,12,  408.95,  410.36
2019, 7,13,  408.87,  410.37
2019, 7,14,  408.79,  410.38
2019, 7,15,  408.72,  410.38
2019, 7,16,  408.64,  410.39
2019, 7,17,  408.56,  410.40
2019, 7,18,  408.49,  410.41
2019, 7,19,  408.41,  410.41
2019, 7,20,  408.34,  410.42
2019, 7,21,  408.27,  410.43
2019, 7,22,  408.20,  410.44
2019, 7,23,  408.14,  410.44
2019, 7,24,  408.07,  410.45
2019, 7,25,  408.01,  410.46
2019, 7,26,  407.95,  410.47
2019, 7,27,  407.89,  410.47
2019, 7,28,  407.83,  410.48
2019, 7,29,  407.78,  410.49
2019, 7,30,  407.72,  410.50
2019, 7,31,  407.67,  410.50
2019, 8, 1,  407.63,  410.51
2019, 8, 2,  407.58,  410.52
2019, 8, 3,  407.54,  410.53
2019, 8, 4,  407.49,  410.53
2019, 8, 5,  407.45,  410.54
2019, 8, 6,  407.42,  410.55
2019, 8, 7,  407.38,  410.56
2019, 8, 8,  407.35,  410.56
2019, 8, 9,  407.32,  410.57
2019, 8,10,  407.29,  410.58
2019, 8,11,  407.27,  410.59
2019, 8,12,  407.25,  410.59
2019, 8,13,  407.23,  410.60
2019, 8,14,  407.21,  410.61
2019, 8,15,  407.20,  410.62
2019, 8,16,  407.18,  410.62
2019, 8,17,  407.17,  410.63
2019, 8,18,  407.16,  410.64
2019, 8,19,  407.16,  410.65
2019, 8,20,  407.15,  410.65
2019, 8,21,  407.15,  410.66
2019, 8,22,  407.15,  410.67
2019, 8,23,  407.15,  410.68
2019, 8,24,  407.16,  410.68
2019, 8,25,  407.17,  410.69
2019, 8,26,  407.18,  410.70
2019, 8,27,  407.19,  410.70
2019, 8,28,  407.20,  410.71
2019, 8,29,  407.21,  410.72
2019, 8,30,  407.23,  410.73
2019, 8,31,  407.25,  410.73
2019, 9, 1,  407.27,  410.74
2019, 9, 2,  407.29,  410.75
2019, 9, 3,  407.31,  410.76
2019, 9, 4,  407.34,  410.76
2019, 9, 5,  407.37,  410.77
2019, 9, 6,  407.39,  410.78
2019, 9, 7,  407.42,  410.79
2019, 9, 8,  407.46,  410.79
2019, 9, 9,  407.49,  410.80
2019, 9,10,  407.52,  410.81
2019, 9,11,  407.56,  410.82
2019, 9,12,  407.59,  410.82
2019, 9,13,  407.63,  410.83
2019, 9,14,  407.67,  410.84
2019, 9,15,  407.71,  410.85
2019, 9,16,  407.75,  410.85
2019, 9,17,  407.80,  410.86
2019, 9,18,  407.84,  410.87
2019, 9,19,  407.89,  410.87
2019, 9,20,  407.93,  410.88
2019, 9,21,  407.98,  410.89
2019, 9,22,  408.03,  410.90
2019, 9,23,  408.07,  410.90
2019, 9,24,  408.12,  410.91
2019, 9,25,  408.17,  410.92
2019, 9,26,  408.22,  410.93
2019, 9,27,  408.28,  410.93
2019, 9,28,  408.33,  410.94
2019, 9,29,  408.38,  410.95
2019, 9,30,  408.43,  410.96
2019,10, 1,  408.49,  410.96
2019,10, 2,  408.54,  410.97
2019,10, 3,  408.60,  410.98
2019,10, 4,  408.65,  410.98
2019,10, 5,  408.71,  410.99
2019,10, 6,  408.77,  411.00
2019,10, 7,  408.82,  411.01
2019,10, 8,  408.88,  411.01
2019,10, 9,  408.94,  411.02
2019,10,10,  409.00,  411.03
2019,10,11,  409.05,  411.04
2019,10,12,  409.11,  411.04
2019,10,13,  409.17,  411.05
2019,10,14,  409.23,  411.06
2019,10,15,  409.29,  411.07
2019,10,16,  409.35,  411.07
2019,10,17,  409.41,  411.08
2019,10,18,  409.46,  411.09
2019,10,19,  409.52,  411.09
2019,10,20,  409.58,  411.10
2019,10,21,  409.64,  411.11
2019,10,22,  409.70,  411.12
2019,10,23,  409.76,  411.12
2019,10,24,  409.81,  411.13
2019,10,25,  409.87,  411.14
2019,10,26,  409.93,  411.14
2019,10,27,  409.98,  411.15
2019,10,28,  410.04,  411.16
2019,10,29,  410.10,  411.17
2019,10,30,  410.15,  411.17
2019,10,31,  410.21,  411.18
2019,11, 1,  410.26,  411.19
2019,11, 2,  410.32,  411.20
2019,11, 3,  410.37,  411.20
2019,11, 4,  410.42,  411.21
2019,11, 5,  410.47,  411.22
2019,11, 6,  410.53,  411.22
2019,11, 7,  410.58,  411.23
2019,11, 8,  410.63,  411.24
2019,11, 9,  410.68,  411.25
2019,11,10,  410.73,  411.25
2019,11,11,  410.78,  411.26
2019,11,12,  410.82,  411.27
2019,11,13,  410.87,  411.27
2019,11,14,  410.92,  411.28
2019,11,15,  410.96,  411.29
2019,11,16,  411.01,  411.30
2019,11,17,  411.06,  411.30
2019,11,18,  411.10,  411.31
2019,11,19,  411.14,  411.32
2019,11,20,  411.19,  411.32
2019,11,21,  411.23,  411.33
2019,11,22,  411.27,  411.34
2019,11,23,  411.31,  411.35
2019,11,24,  411.36,  411.35
2019,11,25,  411.40,  411.36
2019,11,26,  411.44,  411.37
2019,11,27,  411.48,  411.37
2019,11,28,  411.52,  411.38
2019,11,29,  411.56,  411.39
2019,11,30,  411.60,  411.40
2019,12, 1,  411.63,  411.40
2019,12, 2,  411.67,  411.41
2019,12, 3,  411.71,  411.42
2019,12, 4,  411.75,  411.42
2019,12, 5,  411.79,  411.43
2019,12, 6,  411.82,  411.44
2019,12, 7,  411.86,  411.44
2019,12, 8,  411.90,  411.45
2019,12, 9,  411.94,  411.46
2019,12,10,  411.97,  411.47
2019,12,11,  412.01,  411.47
2019,12,12,  412.05,  411.48
2019,12,13,  412.08,  411.49
2019,12,14,  412.12,  411.49
2019,12,15,  412.16,  411.50
2019,12,16,  412.19,  411.51
2019,12,17,  412.23,  411.51
2019,12,18,  412.27,  411.52
2019,12,19,  412.30,  411.53
2019,12,20,  412.34,  411.54
2019,12,21,  412.38,  411.54
2019,12,22,  412.41,  411.55
2019,12,23,  412.45,  411.56
2019,12,24,  412.49,  411.56
2019,12,25,  412.52,  411.57
2019,12,26,  412.56,  411.58
2019,12,27,  412.59,  411.58
2019,12,28,  412.63,  411.59
2019,12,29,  412.67,  411.60
2019,12,30,  412.70,  411.60
2019,12,31,  412.74,  411.61
2020, 1, 1,  412.77,  411.62
2020, 1, 2,  412.81,  411.63
2020, 1, 3,  412.84,  411.63
2020, 1, 4,  412.88,  411.64
2020, 1, 5,  412.91,  411.65
2020, 1, 6,  412.94,  411.65
2020, 1, 7,  412.98,  411.66
2020, 1, 8,  413.01,  411.67
2020, 1, 9,  413.04,  411.67
2020, 1,10,  413.07,  411.68
2020, 1,11,  413.10,  411.69
2020, 1,12,  413.13,  411.69
2020, 1,13,  413.16,  411.70
2020, 1,14,  413.19,  411.71
2020, 1,15,  413.22,  411.71
2020, 1,16,  413.25,  411.72
2020, 1,17,  413.27,  411.73
2020, 1,18,  413.30,  411.73
2020, 1,19,  413.32,  411.74
2020, 1,20,  413.35,  411.75
2020, 1,21,  413.37,  411.75
2020, 1,22,  413.39,  411.76
2020, 1,23,  413.42,  411.77
2020, 1,24,  413.44,  411.77
2020, 1,25,  413.46,  411.78
2020, 1,26,  413.48,  411.79
2020, 1,27,  413.49,  411.79
2020, 1,28,  413.51,  411.80
2020, 1,29,  413.53,  411.81
2020, 1,30,  413.54,  411.81
2020, 1,31,  413.56,  411.82
2020, 2, 1,  413.57,  411.83
2020, 2, 2,  413.59,  411.83
2020, 2, 3,  413.60,  411.84
2020, 2, 4,  413.61,  411.85
2020, 2, 5,  413.62,  411.85
2020, 2, 6,  413.63,  411.86
2020, 2, 7,  413.64,  411.87
2020, 2, 8,  413.65,  411.87
2020, 2, 9,  413.66,  411.88
2020, 2,10,  413.67,  411.89
2020, 2,11,  413.67,  411.89
2020, 2,12,  413.68,  411.90
2020, 2,13,  413.69,  411.91
2020, 2,14,  413.69,  411.91
2020, 2,15,  413.70,  411.92
2020, 2,16,  413.70,  411.93
2020, 2,17,  413.71,  411.93
2020, 2,18,  413.71,  411.94
2020, 2,19,  413.72,  411.95
2020, 2,20,  413.72,  411.95
2020, 2,21,  413.73,  411.96
2020, 2,22,  413.73,  411.97
2020, 2,23,  413.73,  411.97
2020, 2,24,  413.74,  411.98
2020, 2,25,  413.74,  411.99
2020, 2,26,  413.75,  411.99
2020, 2,27,  413.75,  412.00
2020, 2,28,  413.76,  412.01
2020, 2,29,  413.76,  412.01
2020, 3, 1,  413.77,  412.02
2020, 3, 2,  413.78,  412.02
2020, 3, 3,  413.78,  412.03
2020, 3, 4,  413.79,  412.04
2020, 3, 5,  413.80,  412.04
2020, 3, 6,  413.80,  412.05
2020, 3, 7,  413.81,  412.06
2020, 3, 8,  413.82,  412.06
2020, 3, 9,  413.83,  412.07
2020, 3,10,  413.84,  412.08
2020, 3,11,  413.85,  412.08
2020, 3,12,  413.86,  412.09
2020, 3,13,  413.87,  412.10
2020, 3,14,  413.88,  412.10
2020, 3,15,  413.89,  412.11
2020, 3,16,  413.90,  412.11
2020, 3,17,  413.92,  412.12
2020, 3,18,  413.93,  412.13
2020, 3,19,  413.94,  412.13
2020, 3,20,  413.96,  412.14
2020, 3,21,  413.97,  412.15
2020, 3,22,  413.98,  412.15
2020, 3,23,  414.00,  412.16
2020, 3,24,  414.01,  412.17
2020, 3,25,  414.03,  412.17
2020, 3,26,  414.04,  412.18
2020, 3,27,  414.06,  412.18
2020, 3,28,  414.08,  412.19
2020, 3,29,  414.09,  412.20
2020, 3,30,  414.11,  412.20
2020, 3,31,  414.12,  412.21
2020, 4, 1,  414.14,  412.22
2020, 4, 2,  414.15,  412.22
2020, 4, 3,  414.17,  412.23
2020, 4, 4,  414.19,  412.23
2020, 4, 5,  414.20,  412.24
2020, 4, 6,  414.22,  412.25
2020, 4, 7,  414.23,  412.25
2020, 4, 8,  414.25,  412.26
2020, 4, 9,  414.26,  412.27
2020, 4,10,  414.28,  412.27
2020, 4,11,  414.29,  412.28
2020, 4,12,  414.30,  412.28
2020, 4,13,  414.32,  412.29
2020, 4,14,  414.33,  412.30
2020, 4,15,  414.34,  412.30
2020, 4,16,  414.36,  412.31
2020, 4,17,  414.37,  412.32
2020, 4,18,  414.38,  412.32
2020, 4,19,  414.39,  412.33
2020, 4,20,  414.40,  412.33
2020, 4,21,  414.41,  412.34
2020, 4,22,  414.42,  412.35
2020, 4,23,  414.43,  412.35
2020, 4,24,  414.44,  412.36
2020, 4,25,  414.45,  412.36
2020, 4,26,  414.46,  412.37
2020, 4,27,  414.46,  412.38
2020, 4,28,  414.47,  412.38
2020, 4,29,  414.48,  412.39
2020, 4,30,  414.48,  412.40
2020, 5, 1,  414.48,  412.40
2020, 5, 2,  414.49,  412.41
2020, 5, 3,  414.49,  412.41
2020, 5, 4,  414.49,  412.42
2020, 5, 5,  414.50,  412.43
2020, 5, 6,  414.50,  412.43
2020, 5, 7,  414.50,  412.44
2020, 5, 8,  414.50,  412.44
2020, 5, 9,  414.49,  412.45
2020, 5,10,  414.49,  412.46
2020, 5,11,  414.49,  412.46
2020, 5,12,  414.49,  412.47
2020, 5,13,  414.48,  412.47
2020, 5,14,  414.47,  412.48
2020, 5,15,  414.47,  412.49
2020, 5,16,  414.46,  412.49
2020, 5,17,  414.45,  412.50
2020, 5,18,  414.44,  412.50
2020, 5,19,  414.43,  412.51
2020, 5,20,  414.42,  412.52
2020, 5,21,  414.40,  412.52
2020, 5,22,  414.39,  412.53
2020, 5,23,  414.37,  412.53
2020, 5,24,  414.35,  412.54
2020, 5,25,  414.33,  412.55
2020, 5,26,  414.31,  412.55
2020, 5,27,  414.29,  412.56
2020, 5,28,  414.27,  412.56
2020, 5,29,  414.24,  412.57
2020, 5,30,  414.22,  412.58
2020, 5,31,  414.19,  412.58
2020, 6, 1,  414.16,  412.59
2020, 6, 2,  414.13,  412.59
2020, 6, 3,  414.10,  412.60
2020, 6, 4,  414.06,  412.61
2020, 6, 5,  414.02,  412.61
2020, 6, 6,  413.99,  412.62
2020, 6, 7,  413.94,  412.62
2020, 6, 8,  413.90,  412.63
2020, 6, 9,  413.86,  412.63
2020, 6,10,  413.81,  412.64
2020, 6,11,  413.76,  412.65
2020, 6,12,  413.71,  412.65
2020, 6,13,  413.66,  412.66
2020, 6,14,  413.61,  412.66
2020, 6,15,  413.55,  412.67
2020, 6,16,  413.50,  412.68
2020, 6,17,  413.44,  412.68
2020, 6,18,  413.38,  412.69
2020, 6,19,  413.31,  412.69
2020, 6,20,  413.25,  412.70
2020, 6,21,  413.18,  412.70
2020, 6,22,  413.11,  412.71
2020, 6,23,  413.04,  412.72
2020, 6,24,  412.97,  412.72
2020, 6,25,  412.90,  412.73
2020, 6,26,  412.82,  412.73
2020, 6,27,  412.75,  412.74
2020, 6,28,  412.67,  412.75
2020, 6,29,  412.59,  412.75
2020, 6,30,  412.51,  412.76
2020, 7, 1,  412.43,  412.76
2020, 7, 2,  412.34,  412.77
2020, 7, 3,  412.26,  412.77
2020, 7, 4,  412.17,  412.78
2020, 7, 5,  412.09,  412.79
2020, 7, 6,  412.00,  412.79
2020, 7, 7,  411.91,  412.80
2020, 7, 8,  411.82,  412.80
2020, 7, 9,  411.74,  412.81
2020, 7,10,  411.65,  412.82
2020, 7,11,  411.56,  412.82
2020, 7,12,  411.47,  412.83
2020, 7,13,  411.38,  412.83
2020, 7,14,  411.29,  412.84
2020, 7,15,  411.20,  412.84
2020, 7,16,  411.11,  412.85
2020, 7,17,  411.03,  412.86
2020, 7,18,  410.94,  412.86
2020, 7,19,  410.85,  412.87
2020, 7,20,  410.77,  412.87
2020, 7,21,  410.68,  412.88
2020, 7,22,  410.60,  412.88
2020, 7,23,  410.51,  412.89
2020, 7,24,  410.43,  412.90
2020, 7,25,  410.35,  412.90
2020, 7,26,  410.27,  412.91
2020, 7,27,  410.20,  412.91
2020, 7,28,  410.12,  412.92
2020, 7,29,  410.05,  412.92
2020, 7,30,  409.98,  412.93
2020, 7,31,  409.91,  412.94
2020, 8, 1,  409.84,  412.94
2020, 8, 2,  409.78,  412.95
2020, 8, 3,  409.72,  412.95
2020, 8, 4,  409.66,  412.96
2020, 8, 5,  409.60,  412.96
2020, 8, 6,  409.55,  412.97
2020, 8, 7,  409.49,  412.98
2020, 8, 8,  409.45,  412.98
2020, 8, 9,  409.40,  412.99
2020, 8,10,  409.36,  412.99
2020, 8,11,  409.32,  413.00
2020, 8,12,  409.28,  413.00
2020, 8,13,  409.24,  413.01
2020, 8,14,  409.21,  413.02
2020, 8,15,  409.18,  413.02
2020, 8,16,  409.16,  413.03
2020, 8,17,  409.14,  413.03
2020, 8,18,  409.12,  413.04
2020, 8,19,  409.10,  413.04
2020, 8,20,  409.09,  413.05
2020, 8,21,  409.08,  413.06
2020, 8,22,  409.07,  413.06
2020, 8,23,  409.07,  413.07
2020, 8,24,  409.07,  413.07
2020, 8,25,  409.07,  413.08
2020, 8,26,  409.08,  413.08
2020, 8,27,  409.09,  413.09
2020, 8,28,  409.10,  413.10
2020, 8,29,  409.12,  413.10
2020, 8,30,  409.14,  413.11
2020, 8,31,  409.16,  413.11
2020, 9, 1,  409.18,  413.12
2020, 9, 2,  409.21,  413.12
2020, 9, 3,  409.24,  413.13
2020, 9, 4,  409.27,  413.14
2020, 9, 5,  409.30,  413.14
2020, 9, 6,  409.34,  413.15
2020, 9, 7,  409.38,  413.15
2020, 9, 8,  409.42,  413.16
2020, 9, 9,  409.47,  413.16
2020, 9,10,  409.52,  413.17
2020, 9,11,  409.57,  413.18
2020, 9,12,  409.62,  413.18
2020, 9,13,  409.67,  413.19
2020, 9,14,  409.73,  413.19
2020, 9,15,  409.78,  413.20
2020, 9,16,  409.84,  413.20
2020, 9,17,  409.90,  413.21
2020, 9,18,  409.97,  413.22
2020, 9,19,  410.03,  413.22
2020, 9,20,  410.10,  413.23
2020, 9,21,  410.16,  413.23
2020, 9,22,  410.23,  413.24
2020, 9,23,  410.30,  413.24
2020, 9,24,  410.37,  413.25
2020, 9,25,  410.44,  413.26
2020, 9,26,  410.51,  413.26
2020, 9,27,  410.58,  413.27
2020, 9,28,  410.66,  413.27
2020, 9,29,  410.73,  413.28
2020, 9,30,  410.81,  413.28
2020,10, 1,  410.88,  413.29
2020,10, 2,  410.96,  413.29
2020,10, 3,  411.03,  413.30
2020,10, 4,  411.11,  413.31
2020,10, 5,  411.18,  413.31
2020,10, 6,  411.26,  413.32
2020,10, 7,  411.34,  413.32
2020,10, 8,  411.41,  413.33
2020,10, 9,  411.49,  413.33
2020,10,10,  411.56,  413.34
2020,10,11,  411.64,  413.35
2020,10,12,  411.71,  413.35
2020,10,13,  411.79,  413.36
2020,10,14,  411.86,  413.36
2020,10,15,  411.93,  413.37
2020,10,16,  412.01,  413.37
2020,10,17,  412.08,  413.38
2020,10,18,  412.15,  413.39
2020,10,19,  412.22,  413.39
2020,10,20,  412.29,  413.40
2020,10,21,  412.36,  413.40
2020,10,22,  412.43,  413.41
2020,10,23,  412.49,  413.42
2020,10,24,  412.56,  413.42
2020,10,25,  412.62,  413.43
2020,10,26,  412.69,  413.43
2020,10,27,  412.75,  413.44
2020,10,28,  412.81,  413.44
2020,10,29,  412.87,  413.45
2020,10,30,  412.93,  413.46
2020,10,31,  412.99,  413.46
2020,11, 1,  413.05,  413.47
2020,11, 2,  413.10,  413.47
2020,11, 3,  413.16,  413.48
2020,11, 4,  413.21,  413.48
2020,11, 5,  413.26,  413.49
2020,11, 6,  413.31,  413.50
2020,11, 7,  413.36,  413.50
2020,11, 8,  413.41,  413.51
2020,11, 9,  413.46,  413.51
2020,11,10,  413.51,  413.52
2020,11,11,  413.55,  413.52
2020,11,12,  413.59,  413.53
2020,11,13,  413.64,  413.54
2020,11,14,  413.68,  413.54
2020,11,15,  413.72,  413.55
2020,11,16,  413.76,  413.55
2020,11,17,  413.79,  413.56
2020,11,18,  413.83,  413.57
2020,11,19,  413.87,  413.57
2020,11,20,  413.90,  413.58
2020,11,21,  413.93,  413.58
2020,11,22,  413.97,  413.59
2020,11,23,  414.00,  413.59
2020,11,24,  414.03,  413.60
2020,11,25,  414.06,  413.61
2020,11,26,  414.09,  413.61
2020,11,27,  414.11,  413.62
2020,11,28,  414.14,  413.62
2020,11,29,  414.17,  413.63
2020,11,30,  414.19,  413.64
2020,12, 1,  414.22,  413.64
2020,12, 2,  414.24,  413.65
2020,12, 3,  414.26,  413.65
2020,12, 4,  414.28,  413.66
2020,12, 5,  414.30,  413.66
2020,12, 6,  414.32,  413.67
2020,12, 7,  414.34,  413.68
2020,12, 8,  414.36,  413.68
2020,12, 9,  414.38,  413.69
2020,12,10,  414.40,  413.69
2020,12,11,  414.42,  413.70
2020,12,12,  414.44,  413.71
2020,12,13,  414.45,  413.71
2020,12,14,  414.47,  413.72
2020,12,15,  414.48,  413.72
2020,12,16,  414.50,  413.73
2020,12,17,  414.52,  413.74
2020,12,18,  414.53,  413.74
2020,12,19,  414.55,  413.75
2020,12,20,  414.56,  413.75
2020,12,21,  414.58,  413.76
2020,12,22,  414.59,  413.77
2020,12,23,  414.61,  413.77
2020,12,24,  414.62,  413.78
2020,12,25,  414.63,  413.78
2020,12,26,  414.65,  413.79
2020,12,27,  414.66,  413.80
2020,12,28,  414.68,  413.80
2020,12,29,  414.69,  413.81
2020,12,30,  414.71,  413.81
2020,12,31,  414.72,  413.82
2021, 1, 1,  414.74,  413.83
2021, 1, 2,  414.76,  413.83
2021, 1, 3,  414.77,  413.84
2021, 1, 4,  414.79,  413.84
2021, 1, 5,  414.80,  413.85
2021, 1, 6,  414.82,  413.86
2021, 1, 7,  414.84,  413.86
2021, 1, 8,  414.86,  413.87
2021, 1, 9,  414.87,  413.87
2021, 1,10,  414.89,  413.88
2021, 1,11,  414.91,  413.89
2021, 1,12,  414.93,  413.89
2021, 1,13,  414.95,  413.90
2021, 1,14,  414.97,  413.90
2021, 1,15,  414.99,  413.91
2021, 1,16,  415.01,  413.92
2021, 1,17,  415.03,  413.92
2021, 1,18,  415.05,  413.93
2021, 1,19,  415.07,  413.93
2021, 1,20,  415.09,  413.94
2021, 1,21,  415.11,  413.95
2021, 1,22,  415.13,  413.95
2021, 1,23,  415.16,  413.96
2021, 1,24,  415.18,  413.96
2021, 1,25,  415.20,  413.97
2021, 1,26,  415.23,  413.98
2021, 1,27,  415.25,  413.98
2021, 1,28,  415.27,  413.99
2021, 1,29,  415.30,  414.00
2021, 1,30,  415.32,  414.00
2021, 1,31,  415.34,  414.01
2021, 2, 1,  415.37,  414.01
2021, 2, 2,  415.39,  414.02
2021, 2, 3,  415.42,  414.03
2021, 2, 4,  415.44,  414.03
2021, 2, 5,  415.46,  414.04
2021, 2, 6,  415.49,  414.05
2021, 2, 7,  415.51,  414.05
2021, 2, 8,  415.54,  414.06
2021, 2, 9,  415.56,  414.06
2021, 2,10,  415.58,  414.07
2021, 2,11,  415.61,  414.08
2021, 2,12,  415.63,  414.08
2021, 2,13,  415.65,  414.09
2021, 2,14,  415.67,  414.09
2021, 2,15,  415.69,  414.10
2021, 2,16,  415.72,  414.11
2021, 2,17,  415.74,  414.11
2021, 2,18,  415.76,  414.12
2021, 2,19,  415.78,  414.13
2021, 2,20,  415.80,  414.13
2021, 2,21,  415.82,  414.14
2021, 2,22,  415.84,  414.15
2021, 2,23,  415.86,  414.15
2021, 2,24,  415.87,  414.16
2021, 2,25,  415.89,  414.16
2021, 2,26,  415.91,  414.17
2021, 2,27,  415.93,  414.18
2021, 2,28,  415.94,  414.18
2021, 3, 1,  415.96,  414.19
2021, 3, 2,  415.97,  414.20
2021, 3, 3,  415.99,  414.20
2021, 3, 4,  416.00,  414.21
2021, 3, 5,  416.01,  414.21
2021, 3, 6,  416.03,  414.22
2021, 3, 7,  416.04,  414.23
2021, 3, 8,  416.05,  414.23
2021, 3, 9,  416.06,  414.24
2021, 3,10,  416.08,  414.25
2021, 3,11,  416.09,  414.25
2021, 3,12,  416.10,  414.26
2021, 3,13,  416.11,  414.27
2021, 3,14,  416.12,  414.27
2021, 3,15,  416.13,  414.28
2021, 3,16,  416.14,  414.28
2021, 3,17,  416.15,  414.29
2021, 3,18,  416.16,  414.30
2021, 3,19,  416.16,  414.30
2021, 3,20,  416.17,  414.31
2021, 3,21,  416.18,  414.32
2021, 3,22,  416.19,  414.32
2021, 3,23,  416.20,  414.33
2021, 3,24,  416.21,  414.34
2021, 3,25,  416.21,  414.34
2021, 3,26,  416.22,  414.35
2021, 3,27,  416.23,  414.36
2021, 3,28,  416.24,  414.36
2021, 3,29,  416.25,  414.37
2021, 3,30,  416.26,  414.38
2021, 3,31,  416.27,  414.38
2021, 4, 1,  416.27,  414.39
2021, 4, 2,  416.28,  414.39
2021, 4, 3,  416.29,  414.40
2021, 4, 4,  416.30,  414.41
2021, 4, 5,  416.31,  414.41
2021, 4, 6,  416.32,  414.42
2021, 4, 7,  416.33,  414.43
2021, 4, 8,  416.34,  414.43
2021, 4, 9,  416.36,  414.44
2021, 4,10,  416.37,  414.45
2021, 4,11,  416.38,  414.45
2021, 4,12,  416.39,  414.46
2021, 4,13,  416.40,  414.47
2021, 4,14,  416.41,  414.47
2021, 4,15,  416.43,  414.48
2021, 4,16,  416.44,  414.49
2021, 4,17,  416.45,  414.49
2021, 4,18,  416.47,  414.50
2021, 4,19,  416.48,  414.51
2021, 4,20,  416.49,  414.51
2021, 4,21,  416.51,  414.52
2021, 4,22,  416.52,  414.53
2021, 4,23,  416.54,  414.53
2021, 4,24,  416.55,  414.54
2021, 4,25,  416.57,  414.55
2021, 4,26,  416.58,  414.55
2021, 4,27,  416.59,  414.56
2021, 4,28,  416.61,  414.57
2021, 4,29,  416.62,  414.57
2021, 4,30,  416.64,  414.58
2021, 5, 1,  416.65,  414.59
2021, 5, 2,  416.66,  414.59
2021, 5, 3,  416.67,  414.60
2021, 5, 4,  416.69,  414.61
2021, 5, 5,  416.70,  414.61
2021, 5, 6,  416.71,  414.62
2021, 5, 7,  416.72,  414.63
2021, 5, 8,  416.73,  414.63
2021, 5, 9,  416.74,  414.64
2021, 5,10,  416.75,  414.65
2021, 5,11,  416.75,  414.65
2021, 5,12,  416.76,  414.66
2021, 5,13,  416.76,  414.67
2021, 5,14,  416.77,  414.67
2021, 5,15,  416.77,  414.68
2021, 5,16,  416.77,  414.69
2021, 5,17,  416.77,  414.69
2021, 5,18,  416.77,  414.70
2021, 5,19,  416.77,  414.71
2021, 5,20,  416.77,  414.71
2021, 5,21,  416.76,  414.72
2021, 5,22,  416.75,  414.73
2021, 5,23,  416.74,  414.73
2021, 5,24,  416.73,  414.74
2021, 5,25,  416.72,  414.75
2021, 5,26,  416.71,  414.75
2021, 5,27,  416.69,  414.76
2021, 5,28,  416.67,  414.77
2021, 5,29,  416.65,  414.77
2021, 5,30,  416.63,  414.78
2021, 5,31,  416.61,  414.79
2021, 6, 1,  416.58,  414.79
2021, 6, 2,  416.55,  414.80
2021, 6, 3,  416.52,  414.81
2021, 6, 4,  416.49,  414.81
2021, 6, 5,  416.45,  414.82
2021, 6, 6,  416.42,  414.83
2021, 6, 7,  416.38,  414.83
2021, 6, 8,  416.34,  414.84
2021, 6, 9,  416.29,  414.85
2021, 6,10,  416.25,  414.85
2021, 6,11,  416.20,  414.86
2021, 6,12,  416.15,  414.87
2021, 6,13,  416.09,  414.87
2021, 6,14,  416.04,  414.88
2021, 6,15,  415.98,  414.89
2021, 6,16,  415.92,  414.90
2021, 6,17,  415.86,  414.90
2021, 6,18,  415.80,  414.91
2021, 6,19,  415.73,  414.92
2021, 6,20,  415.66,  414.92
2021, 6,21,  415.59,  414.93
2021, 6,22,  415.52,  414.94
2021, 6,23,  415.45,  414.94
2021, 6,24,  415.37,  414.95
2021, 6,25,  415.30,  414.96
2021, 6,26,  415.22,  414.96
2021, 6,27,  415.14,  414.97
2021, 6,28,  415.06,  414.98
2021, 6,29,  414.97,  414.98
2021, 6,30,  414.89,  414.99
2021, 7, 1,  414.81,  415.00
2021, 7, 2,  414.72,  415.00
2021, 7, 3,  414.63,  415.01
2021, 7, 4,  414.54,  415.02
2021, 7, 5,  414.45,  415.02
2021, 7, 6,  414.36,  415.03
2021, 7, 7,  414.27,  415.04
2021, 7, 8,  414.18,  415.05
2021, 7, 9,  414.09,  415.05
2021, 7,10,  414.00,  415.06
2021, 7,11,  413.91,  415.07
2021, 7,12,  413.82,  415.07
2021, 7,13,  413.73,  415.08
2021, 7,14,  413.64,  415.09
2021, 7,15,  413.55,  415.09
2021, 7,16,  413.46,  415.10
2021, 7,17,  413.37,  415.11
2021, 7,18,  413.28,  415.11
2021, 7,19,  413.19,  415.12
2021, 7,20,  413.10,  415.13
2021, 7,21,  413.02,  415.13
2021, 7,22,  412.93,  415.14
2021, 7,23,  412.85,  415.15
2021, 7,24,  412.77,  415.15
2021, 7,25,  412.69,  415.16
2021, 7,26,  412.61,  415.17
2021, 7,27,  412.53,  415.18
2021, 7,28,  412.45,  415.18
2021, 7,29,  412.38,  415.19
2021, 7,30,  412.31,  415.20
2021, 7,31,  412.24,  415.20
2021, 8, 1,  412.17,  415.21
2021, 8, 2,  412.11,  415.22
2021, 8, 3,  412.05,  415.22
2021, 8, 4,  411.98,  415.23
2021, 8, 5,  411.93,  415.24
2021, 8, 6,  411.87,  415.24
2021, 8, 7,  411.82,  415.25
2021, 8, 8,  411.77,  415.26
2021, 8, 9,  411.72,  415.26
2021, 8,10,  411.68,  415.27
2021, 8,11,  411.64,  415.28
2021, 8,12,  411.60,  415.28
2021, 8,13,  411.56,  415.29
2021, 8,14,  411.53,  415.30
2021, 8,15,  411.50,  415.31
2021, 8,16,  411.47,  415.31
2021, 8,17,  411.45,  415.32
2021, 8,18,  411.42,  415.33
2021, 8,19,  411.41,  415.33
2021, 8,20,  411.39,  415.34
2021, 8,21,  411.38,  415.35
2021, 8,22,  411.37,  415.35
2021, 8,23,  411.36,  415.36
2021, 8,24,  411.36,  415.37
2021, 8,25,  411.36,  415.37
2021, 8,26,  411.36,  415.38
2021, 8,27,  411.36,  415.39
2021, 8,28,  411.37,  415.39
2021, 8,29,  411.38,  415.40
2021, 8,30,  411.39,  415.41
2021, 8,31,  411.41,  415.41
2021, 9, 1,  411.43,  415.42
2021, 9, 2,  411.45,  415.43
2021, 9, 3,  411.47,  415.43
2021, 9, 4,  411.50,  415.44
2021, 9, 5,  411.52,  415.45
2021, 9, 6,  411.56,  415.46
2021, 9, 7,  411.59,  415.46
2021, 9, 8,  411.62,  415.47
2021, 9, 9,  411.66,  415.48
2021, 9,10,  411.70,  415.48
2021, 9,11,  411.74,  415.49
2021, 9,12,  411.78,  415.50
2021, 9,13,  411.83,  415.50
2021, 9,14,  411.87,  415.51
2021, 9,15,  411.92,  415.52
2021, 9,16,  411.97,  415.52
2021, 9,17,  412.02,  415.53
2021, 9,18,  412.08,  415.54
2021, 9,19,  412.13,  415.54
2021, 9,20,  412.19,  415.55
2021, 9,21,  412.24,  415.56
2021, 9,22,  412.30,  415.56
2021, 9,23,  412.36,  415.57
2021, 9,24,  412.42,  415.58
2021, 9,25,  412.48,  415.58
2021, 9,26,  412.54,  415.59
2021, 9,27,  412.61,  415.60
2021, 9,28,  412.67,  415.60
2021, 9,29,  412.74,  415.61
2021, 9,30,  412.80,  415.62
2021,10, 1,  412.87,  415.62
2021,10, 2,  412.93,  415.63
2021,10, 3,  413.00,  415.64
2021,10, 4,  413.07,  415.64
2021,10, 5,  413.13,  415.65
2021,10, 6,  413.20,  415.66
2021,10, 7,  413.27,  415.66
2021,10, 8,  413.34,  415.67
2021,10, 9,  413.40,  415.68
2021,10,10,  413.47,  415.68
2021,10,11,  413.54,  415.69
2021,10,12,  413.61,  415.70
2021,10,13,  413.68,  415.70
2021,10,14,  413.74,  415.71
2021,10,15,  413.81,  415.72
2021,10,16,  413.88,  415.72
2021,10,17,  413.95,  415.73
2021,10,18,  414.01,  415.74
2021,10,19,  414.08,  415.74
2021,10,20,  414.14,  415.75
2021,10,21,  414.21,  415.76
2021,10,22,  414.27,  415.76
2021,10,23,  414.34,  415.77
2021,10,24,  414.40,  415.78
2021,10,25,  414.47,  415.78
2021,10,26,  414.53,  415.79
2021,10,27,  414.59,  415.80
2021,10,28,  414.65,  415.80
2021,10,29,  414.71,  415.81
2021,10,30,  414.77,  415.82
2021,10,31,  414.83,  415.82
2021,11, 1,  414.89,  415.83
2021,11, 2,  414.95,  415.84
2021,11, 3,  415.01,  415.84
2021,11, 4,  415.07,  415.85
2021,11, 5,  415.12,  415.85
2021,11, 6,  415.18,  415.86
2021,11, 7,  415.23,  415.87
2021,11, 8,  415.29,  415.87
2021,11, 9,  415.34,  415.88
2021,11,10,  415.39,  415.89
2021,11,11,  415.45,  415.89
2021,11,12,  415.50,  415.90
2021,11,13,  415.55,  415.91
2021,11,14,  415.60,  415.91
2021,11,15,  415.65,  415.92
2021,11,16,  415.70,  415.93
2021,11,17,  415.75,  415.93
2021,11,18,  415.79,  415.94
2021,11,19,  415.84,  415.95
2021,11,20,  415.89,  415.95
2021,11,21,  415.94,  415.96
2021,11,22,  415.98,  415.96
2021,11,23,  416.03,  415.97
2021,11,24,  416.07,  415.98
2021,11,25,  416.12,  415.98
2021,11,26,  416.16,  415.99
2021,11,27,  416.20,  416.00
2021,11,28,  416.25,  416.00
2021,11,29,  416.29,  416.01
2021,11,30,  416.33,  416.02
2021,12, 1,  416.38,  416.02
2021,12, 2,  416.42,  416.03
2021,12, 3,  416.46,  416.03
2021,12, 4,  416.50,  416.04
2021,12, 5,  416.54,  416.05
2021,12, 6,  416.58,  416.05
2021,12, 7,  416.63,  416.06
2021,12, 8,  416.67,  416.07
2021,12, 9,  416.71,  416.07
2021,12,10,  416.75,  416.08
2021,12,11,  416.79,  416.08
2021,12,12,  416.83,  416.09
2021,12,13,  416.87,  416.10
2021,12,14,  416.91,  416.10
2021,12,15,  416.95,  416.11
2021,12,16,  416.99,  416.12
2021,12,17,  417.03,  416.12
2021,12,18,  417.07,  416.13
2021,12,19,  417.11,  416.13
2021,12,20,  417.15,  416.14
2021,12,21,  417.19,  416.15
2021,12,22,  417.23,  416.15
2021,12,23,  417.27,  416.16
2021,12,24,  417.31,  416.17
2021,12,25,  417.35,  416.17
2021,12,26,  417.39,  416.18
2021,12,27,  417.43,  416.18
2021,12,28,  417.47,  416.19
2021,12,29,  417.51,  416.20
2021,12,30,  417.54,  416.20
2021,12,31,  417.58,  416.21
2022, 1, 1,  417.62,  416.21
2022, 1, 2,  417.66,  416.22
2022, 1, 3,  417.69,  416.23
2022, 1, 4,  417.73,  416.23
2022, 1, 5,  417.77,  416.24
2022, 1, 6,  417.80,  416.24
2022, 1, 7,  417.84,  416.25
2022, 1, 8,  417.87,  416.26
2022, 1, 9,  417.91,  416.26
2022, 1,10,  417.94,  416.27
2022, 1,11,  417.97,  416.27
2022, 1,12,  418.01,  416.28
2022, 1,13,  418.04,  416.29
2022, 1,14,  418.07,  416.29
2022, 1,15,  418.10,  416.30
2022, 1,16,  418.13,  416.30
2022, 1,17,  418.16,  416.31
2022, 1,18,  418.19,  416.32
2022, 1,19,  418.21,  416.32
2022, 1,20,  418.24,  416.33
2022, 1,21,  418.26,  416.33
2022, 1,22,  418.29,  416.34
2022, 1,23,  418.31,  416.35
2022, 1,24,  418.33,  416.35
2022, 1,25,  418.35,  416.36
2022, 1,26,  418.37,  416.36
2022, 1,27,  418.39,  416.37
2022, 1,28,  418.41,  416.37
2022, 1,29,  418.43,  416.38
2022, 1,30,  418.44,  416.39
2022, 1,31,  418.46,  416.39
2022, 2, 1,  418.47,  416.40
2022, 2, 2,  418.48,  416.40
2022, 2, 3,  418.50,  416.41
2022, 2, 4,  418.51,  416.41
2022, 2, 5,  418.52,  416.42
2022, 2, 6,  418.52,  416.43
2022, 2, 7,  418.53,  416.43
2022, 2, 8,  418.54,  416.44
2022, 2, 9,  418.54,  416.44
2022, 2,10,  418.55,  416.45
2022, 2,11,  418.55,  416.46
2022, 2,12,  418.56,  416.46
2022, 2,13,  418.56,  416.47
2022, 2,14,  418.56,  416.47
2022, 2,15,  418.56,  416.48
2022, 2,16,  418.56,  416.48
2022, 2,17,  418.56,  416.49
2022, 2,18,  418.56,  416.49
2022, 2,19,  418.55,  416.50
2022, 2,20,  418.55,  416.51
2022, 2,21,  418.55,  416.51
2022, 2,22,  418.54,  416.52
2022, 2,23,  418.54,  416.52
2022, 2,24,  418.53,  416.53
2022, 2,25,  418.53,  416.53
2022, 2,26,  418.52,  416.54
2022, 2,27,  418.52,  416.54
2022, 2,28,  418.51,  416.55
2022, 3, 1,  418.50,  416.56
2022, 3, 2,  418.50,  416.56
2022, 3, 3,  418.49,  416.57
2022, 3, 4,  418.48,  416.57
2022, 3, 5,  418.47,  416.58
2022, 3, 6,  418.47,  416.58
2022, 3, 7,  418.46,  416.59
2022, 3, 8,  418.45,  416.59
2022, 3, 9,  418.44,  416.60
2022, 3,10,  418.44,  416.61
2022, 3,11,  418.43,  416.61
2022, 3,12,  418.42,  416.62
2022, 3,13,  418.42,  416.62
2022, 3,14,  418.41,  416.63
2022, 3,15,  418.41,  416.63
2022, 3,16,  418.40,  416.64
2022, 3,17,  418.40,  416.64
2022, 3,18,  418.39,  416.65
2022, 3,19,  418.39,  416.65
2022, 3,20,  418.38,  416.66
2022, 3,21,  418.38,  416.66
2022, 3,22,  418.38,  416.67
2022, 3,23,  418.38,  416.68
2022, 3,24,  418.37,  416.68
2022, 3,25,  418.37,  416.69
2022, 3,26,  418.37,  416.69
2022, 3,27,  418.37,  416.70
2022, 3,28,  418.38,  416.70
2022, 3,29,  418.38,  416.71
2022, 3,30,  418.38,  416.71
2022, 3,31,  418.38,  416.72
2022, 4, 1,  418.39,  416.72
2022, 4, 2,  418.39,  416.73
2022, 4, 3,  418.40,  416.73
2022, 4, 4,  418.41,  416.74
2022, 4, 5,  418.42,  416.74
2022, 4, 6,  418.42,  416.75
2022, 4, 7,  418.43,  416.75
2022, 4, 8,  418.44,  416.76
2022, 4, 9,  418.45,  416.77
2022, 4,10,  418.47,  416.77
2022, 4,11,  418.48,  416.78
2022, 4,12,  418.49,  416.78
2022, 4,13,  418.51,  416.79
2022, 4,14,  418.52,  416.79
2022, 4,15,  418.54,  416.80
2022, 4,16,  418.55,  416.80
2022, 4,17,  418.57,  416.81
2022, 4,18,  418.59,  416.81
2022, 4,19,  418.61,  416.82
2022, 4,20,  418.62,  416.82
2022, 4,21,  418.64,  416.83
2022, 4,22,  418.66,  416.83
2022, 4,23,  418.68,  416.84
2022, 4,24,  418.70,  416.84
2022, 4,25,  418.72,  416.85
2022, 4,26,  418.74,  416.85
2022, 4,27,  418.77,  416.86
2022, 4,28,  418.79,  416.86
2022, 4,29,  418.81,  416.87
2022, 4,30,  418.83,  416.87
2022, 5, 1,  418.85,  416.88
2022, 5, 2,  418.87,  416.88
2022, 5, 3,  418.89,  416.89
2022, 5, 4,  418.91,  416.89
2022, 5, 5,  418.93,  416.90
2022, 5, 6,  418.95,  416.90
2022, 5, 7,  418.96,  416.91
2022, 5, 8,  418.98,  416.91
2022, 5, 9,  419.00,  416.92
2022, 5,10,  419.01,  416.92
2022, 5,11,  419.02,  416.93
2022, 5,12,  419.04,  416.93
2022, 5,13,  419.05,  416.94
2022, 5,14,  419.06,  416.94
2022, 5,15,  419.06,  416.95
2022, 5,16,  419.07,  416.95
2022, 5,17,  419.07,  416.96
2022, 5,18,  419.08,  416.96
2022, 5,19,  419.08,  416.97
2022, 5,20,  419.08,  416.97
2022, 5,21,  419.07,  416.98
2022, 5,22,  419.07,  416.98
2022, 5,23,  419.06,  416.99
2022, 5,24,  419.05,  416.99
2022, 5,25,  419.04,  417.00
2022, 5,26,  419.02,  417.00
2022, 5,27,  419.01,  417.01
2022, 5,28,  418.98,  417.01
2022, 5,29,  418.96,  417.02
2022, 5,30,  418.94,  417.02
2022, 5,31,  418.91,  417.03
2022, 6, 1,  418.88,  417.03
2022, 6, 2,  418.84,  417.04
2022, 6, 3,  418.81,  417.04
2022, 6, 4,  418.77,  417.05
2022, 6, 5,  418.73,  417.05
2022, 6, 6,  418.68,  417.06
2022, 6, 7,  418.63,  417.06
2022, 6, 8,  418.58,  417.06
2022, 6, 9,  418.53,  417.07
2022, 6,10,  418.48,  417.07
2022, 6,11,  418.42,  417.08
2022, 6,12,  418.36,  417.08
2022, 6,13,  418.29,  417.09
2022, 6,14,  418.23,  417.09
2022, 6,15,  418.16,  417.10
2022, 6,16,  418.09,  417.10
2022, 6,17,  418.02,  417.11
2022, 6,18,  417.94,  417.11
2022, 6,19,  417.87,  417.12
2022, 6,20,  417.79,  417.12
2022, 6,21,  417.71,  417.13
2022, 6,22,  417.63,  417.13
2022, 6,23,  417.54,  417.14
2022, 6,24,  417.46,  417.14
2022, 6,25,  417.37,  417.15
2022, 6,26,  417.28,  417.15
2022, 6,27,  417.19,  417.16
2022, 6,28,  417.10,  417.16
2022, 6,29,  417.01,  417.17
2022, 6,30,  416.92,  417.17
2022, 7, 1,  416.83,  417.17
2022, 7, 2,  416.74,  417.18
2022, 7, 3,  416.64,  417.18
2022, 7, 4,  416.55,  417.19
2022, 7, 5,  416.46,  417.19
2022, 7, 6,  416.36,  417.20
2022, 7, 7,  416.27,  417.20
2022, 7, 8,  416.18,  417.21
2022, 7, 9,  416.08,  417.21
2022, 7,10,  415.99,  417.22
2022, 7,11,  415.90,  417.22
2022, 7,12,  415.81,  417.23
2022, 7,13,  415.72,  417.23
2022, 7,14,  415.63,  417.24
2022, 7,15,  415.55,  417.24
2022, 7,16,  415.46,  417.25
2022, 7,17,  415.38,  417.25
2022, 7,18,  415.29,  417.26
2022, 7,19,  415.21,  417.26
2022, 7,20,  415.13,  417.26
2022, 7,21,  415.05,  417.27
2022, 7,22,  414.98,  417.27
2022, 7,23,  414.90,  417.28
2022, 7,24,  414.83,  417.28
2022, 7,25,  414.76,  417.29
2022, 7,26,  414.69,  417.29
2022, 7,27,  414.62,  417.30
2022, 7,28,  414.56,  417.30
2022, 7,29,  414.50,  417.31
2022, 7,30,  414.44,  417.31
2022, 7,31,  414.38,  417.32
2022, 8, 1,  414.32,  417.32
2022, 8, 2,  414.27,  417.33
2022, 8, 3,  414.22,  417.33
2022, 8, 4,  414.17,  417.34
2022, 8, 5,  414.12,  417.34
2022, 8, 6,  414.08,  417.34
2022, 8, 7,  414.04,  417.35
2022, 8, 8,  414.00,  417.35
2022, 8, 9,  413.96,  417.36
2022, 8,10,  413.92,  417.36
2022, 8,11,  413.89,  417.37
2022, 8,12,  413.86,  417.37
2022, 8,13,  413.83,  417.38
2022, 8,14,  413.81,  417.38
2022, 8,15,  413.78,  417.39
2022, 8,16,  413.76,  417.39
2022, 8,17,  413.74,  417.40
2022, 8,18,  413.73,  417.40
2022, 8,19,  413.71,  417.41
2022, 8,20,  413.70,  417.41
2022, 8,21,  413.69,  417.42
2022, 8,22,  413.69,  417.42
2022, 8,23,  413.68,  417.42
2022, 8,24,  413.68,  417.43
2022, 8,25,  413.68,  417.43
2022, 8,26,  413.68,  417.44
2022, 8,27,  413.68,  417.44
2022, 8,28,  413.68,  417.45
2022, 8,29,  413.69,  417.45
2022, 8,30,  413.70,  417.46
2022, 8,31,  413.71,  417.46
2022, 9, 1,  413.73,  417.47
2022, 9, 2,  413.74,  417.47
2022, 9, 3,  413.76,  417.48
2022, 9, 4,  413.78,  417.48
2022, 9, 5,  413.80,  417.49
2022, 9, 6,  413.82,  417.49
2022, 9, 7,  413.84,  417.50
2022, 9, 8,  413.87,  417.50
2022, 9, 9,  413.90,  417.51
2022, 9,10,  413.93,  417.51
2022, 9,11,  413.96,  417.52
2022, 9,12,  413.99,  417.52
2022, 9,13,  414.03,  417.52
2022, 9,14,  414.06,  417.53
2022, 9,15,  414.10,  417.53
2022, 9,16,  414.14,  417.54
2022, 9,17,  414.18,  417.54
2022, 9,18,  414.22,  417.55
2022, 9,19,  414.27,  417.55
2022, 9,20,  414.31,  417.56
2022, 9,21,  414.36,  417.56
2022, 9,22,  414.41,  417.57
2022, 9,23,  414.46,  417.57
2022, 9,24,  414.51,  417.58
2022, 9,25,  414.56,  417.58
2022, 9,26,  414.62,  417.59
2022, 9,27,  414.67,  417.59
2022, 9,28,  414.73,  417.60
2022, 9,29,  414.78,  417.60
2022, 9,30,  414.84,  417.61
2022,10, 1,  414.90,  417.61
2022,10, 2,  414.96,  417.62
2022,10, 3,  415.02,  417.62
2022,10, 4,  415.08,  417.63
2022,10, 5,  415.15,  417.63
2022,10, 6,  415.21,  417.64
2022,10, 7,  415.27,  417.64
2022,10, 8,  415.34,  417.65
2022,10, 9,  415.40,  417.65
2022,10,10,  415.47,  417.66
2022,10,11,  415.54,  417.66
2022,10,12,  415.61,  417.67
2022,10,13,  415.67,  417.67
2022,10,14,  415.74,  417.68
2022,10,15,  415.81,  417.68
2022,10,16,  415.88,  417.69
2022,10,17,  415.95,  417.69
2022,10,18,  416.02,  417.70
2022,10,19,  416.09,  417.70
2022,10,20,  416.16,  417.71
2022,10,21,  416.23,  417.71
2022,10,22,  416.30,  417.72
2022,10,23,  416.37,  417.72
2022,10,24,  416.44,  417.73
2022,10,25,  416.51,  417.73
2022,10,26,  416.58,  417.74
2022,10,27,  416.64,  417.74
2022,10,28,  416.71,  417.75
2022,10,29,  416.78,  417.75
2022,10,30,  416.85,  417.76
2022,10,31,  416.92,  417.76
2022,11, 1,  416.98,  417.77
2022,11, 2,  417.05,  417.77
2022,11, 3,  417.12,  417.78
2022,11, 4,  417.18,  417.78
2022,11, 5,  417.25,  417.79
2022,11, 6,  417.31,  417.79
2022,11, 7,  417.37,  417.80
2022,11, 8,  417.44,  417.80
2022,11, 9,  417.50,  417.81
2022,11,10,  417.56,  417.81
2022,11,11,  417.62,  417.82
2022,11,12,  417.68,  417.82
2022,11,13,  417.73,  417.83
2022,11,14,  417.79,  417.83
2022,11,15,  417.84,  417.84
2022,11,16,  417.90,  417.84
2022,11,17,  417.95,  417.85
2022,11,18,  418.00,  417.85
2022,11,19,  418.06,  417.86
2022,11,20,  418.11,  417.86
2022,11,21,  418.15,  417.87
2022,11,22,  418.20,  417.87
2022,11,23,  418.25,  417.88
2022,11,24,  418.29,  417.88
2022,11,25,  418.34,  417.89
2022,11,26,  418.38,  417.90
2022,11,27,  418.42,  417.90
2022,11,28,  418.46,  417.91
2022,11,29,  418.50,  417.91
2022,11,30,  418.54,  417.92
2022,12, 1,  418.57,  417.92
2022,12, 2,  418.61,  417.93
2022,12, 3,  418.64,  417.93
2022,12, 4,  418.68,  417.94
2022,12, 5,  418.71,  417.94
2022,12, 6,  418.74,  417.95
2022,12, 7,  418.76,  417.95
2022,12, 8,  418.79,  417.96
2022,12, 9,  418.82,  417.97
2022,12,10,  418.84,  417.97
2022,12,11,  418.87,  417.98
2022,12,12,  418.89,  417.98
2022,12,13,  418.91,  417.99
2022,12,14,  418.93,  417.99
2022,12,15,  418.95,  418.00
2022,12,16,  418.97,  418.00
2022,12,17,  418.99,  418.01
2022,12,18,  419.00,  418.01
2022,12,19,  419.02,  418.02
2022,12,20,  419.03,  418.03
2022,12,21,  419.04,  418.03
2022,12,22,  419.06,  418.04
2022,12,23,  419.07,  418.04
2022,12,24,  419.08,  418.05
2022,12,25,  419.09,  418.05
2022,12,26,  419.10,  418.06
2022,12,27,  419.11,  418.06
2022,12,28,  419.12,  418.07
2022,12,29,  419.12,  418.08
2022,12,30,  419.13,  418.08
2022,12,31,  419.14,  418.09
2023, 1, 1,  419.15,  418.09
2023, 1, 2,  419.15,  418.10
2023, 1, 3,  419.16,  418.10
2023, 1, 4,  419.16,  418.11
2023, 1, 5,  419.17,  418.12
2023, 1, 6,  419.17,  418.12
2023, 1, 7,  419.18,  418.13
2023, 1, 8,  419.18,  418.13
2023, 1, 9,  419.19,  418.14
2023, 1,10,  419.19,  418.14
2023, 1,11,  419.20,  418.15
2023, 1,12,  419.20,  418.16
2023, 1,13,  419.21,  418.16
2023, 1,14,  419.22,  418.17
2023, 1,15,  419.22,  418.17
2023, 1,16,  419.23,  418.18
2023, 1,17,  419.24,  418.19
2023, 1,18,  419.24,  418.19
2023, 1,19,  419.25,  418.20
2023, 1,20,  419.26,  418.20
2023, 1,21,  419.27,  418.21
2023, 1,22,  419.28,  418.22
2023, 1,23,  419.29,  418.22
2023, 1,24,  419.30,  418.23
2023, 1,25,  419.31,  418.23
2023, 1,26,  419.32,  418.24
2023, 1,27,  419.33,  418.25
2023, 1,28,  419.34,  418.25
2023, 1,29,  419.36,  418.26
2023, 1,30,  419.37,  418.26
2023, 1,31,  419.39,  418.27
2023, 2, 1,  419.40,  418.28
2023, 2, 2,  419.42,  418.28
2023, 2, 3,  419.43,  418.29
2023, 2, 4,  419.45,  418.29
2023, 2, 5,  419.47,  418.30
2023, 2, 6,  419.49,  418.31
2023, 2, 7,  419.51,  418.31
2023, 2, 8,  419.53,  418.32
2023, 2, 9,  419.55,  418.32
2023, 2,10,  419.57,  418.33
2023, 2,11,  419.59,  418.34
2023, 2,12,  419.62,  418.34
2023, 2,13,  419.64,  418.35
2023, 2,14,  419.66,  418.36
2023, 2,15,  419.69,  418.36
2023, 2,16,  419.71,  418.37
2023, 2,17,  419.74,  418.37
2023, 2,18,  419.76,  418.38
2023, 2,19,  419.79,  418.39
2023, 2,20,  419.81,  418.39
2023, 2,21,  419.84,  418.40
2023, 2,22,  419.87,  418.41
2023, 2,23,  419.89,  418.41
2023, 2,24,  419.92,  418.42
2023, 2,25,  419.95,  418.42
2023, 2,26,  419.97,  418.43
2023, 2,27,  420.00,  418.44
2023, 2,28,  420.03,  418.44
2023, 3, 1,  420.05,  418.45
2023, 3, 2,  420.08,  418.46
2023, 3, 3,  420.11,  418.46
2023, 3, 4,  420.13,  418.47
2023, 3, 5,  420.16,  418.48
2023, 3, 6,  420.19,  418.48
2023, 3, 7,  420.21,  418.49
2023, 3, 8,  420.24,  418.50
2023, 3, 9,  420.26,  418.50
2023, 3,10,  420.29,  418.51
2023, 3,11,  420.31,  418.52
2023, 3,12,  420.34,  418.52
2023, 3,13,  420.36,  418.53
2023, 3,14,  420.38,  418.54
2023, 3,15,  420.41,  418.54
2023, 3,16,  420.43,  418.55
2023, 3,17,  420.45,  418.56
2023, 3,18,  420.47,  418.56
2023, 3,19,  420.50,  418.57
2023, 3,20,  420.52,  418.58
2023, 3,21,  420.54,  418.58
2023, 3,22,  420.56,  418.59
2023, 3,23,  420.58,  418.60
2023, 3,24,  420.59,  418.60
2023, 3,25,  420.61,  418.61
2023, 3,26,  420.63,  418.62
2023, 3,27,  420.65,  418.62
2023, 3,28,  420.66,  418.63
2023, 3,29,  420.68,  418.64
2023, 3,30,  420.70,  418.64
2023, 3,31,  420.71,  418.65
2023, 4, 1,  420.73,  418.66
2023, 4, 2,  420.74,  418.66
2023, 4, 3,  420.76,  418.67
2023, 4, 4,  420.77,  418.68
2023, 4, 5,  420.79,  418.68
2023, 4, 6,  420.80,  418.69
2023, 4, 7,  420.81,  418.70
2023, 4, 8,  420.83,  418.71
2023, 4, 9,  420.84,  418.71
2023, 4,10,  420.85,  418.72
2023, 4,11,  420.87,  418.73
2023, 4,12,  420.88,  418.73
2023, 4,13,  420.89,  418.74
2023, 4,14,  420.91,  418.75
2023, 4,15,  420.92,  418.75
2023, 4,16,  420.93,  418.76
2023, 4,17,  420.94,  418.77
2023, 4,18,  420.95,  418.78
2023, 4,19,  420.97,  418.78
2023, 4,20,  420.98,  418.79
2023, 4,21,  420.99,  418.80
2023, 4,22,  421.00,  418.80
2023, 4,23,  421.01,  418.81
2023, 4,24,  421.03,  418.82
2023, 4,25,  421.04,  418.83
2023, 4,26,  421.05,  418.83
2023, 4,27,  421.06,  418.84
2023, 4,28,  421.07,  418.85
2023, 4,29,  421.09,  418.86
2023, 4,30,  421.10,  418.86
2023, 5, 1,  421.11,  418.87
2023, 5, 2,  421.12,  418.88
2023, 5, 3,  421.13,  418.88
2023, 5, 4,  421.14,  418.89
2023, 5, 5,  421.15,  418.90
2023, 5, 6,  421.16,  418.91
2023, 5, 7,  421.17,  418.91
2023, 5, 8,  421.18,  418.92
2023, 5, 9,  421.18,  418.93
2023, 5,10,  421.19,  418.94
2023, 5,11,  421.20,  418.94
2023, 5,12,  421.20,  418.95
2023, 5,13,  421.21,  418.96
2023, 5,14,  421.21,  418.97
2023, 5,15,  421.21,  418.97
2023, 5,16,  421.21,  418.98
2023, 5,17,  421.21,  418.99
2023, 5,18,  421.21,  419.00
2023, 5,19,  421.21,  419.00
2023, 5,20,  421.21,  419.01
2023, 5,21,  421.20,  419.02
2023, 5,22,  421.20,  419.03
2023, 5,23,  421.19,  419.03
2023, 5,24,  421.18,  419.04
2023, 5,25,  421.17,  419.05
2023, 5,26,  421.15,  419.06
2023, 5,27,  421.14,  419.06
2023, 5,28,  421.12,  419.07
2023, 5,29,  421.10,  419.08
2023, 5,30,  421.08,  419.09
2023, 5,31,  421.05,  419.10
2023, 6, 1,  421.03,  419.10
2023, 6, 2,  421.00,  419.11
2023, 6, 3,  420.97,  419.12
2023, 6, 4,  420.93,  419.13
2023, 6, 5,  420.90,  419.13
2023, 6, 6,  420.86,  419.14
2023, 6, 7,  420.82,  419.15
2023, 6, 8,  420.77,  419.16
2023, 6, 9,  420.73,  419.17
2023, 6,10,  420.68,  419.17
2023, 6,11,  420.63,  419.18
2023, 6,12,  420.57,  419.19
2023, 6,13,  420.51,  419.20
2023, 6,14,  420.45,  419.20
2023, 6,15,  420.39,  419.21
2023, 6,16,  420.33,  419.22
2023, 6,17,  420.26,  419.23
2023, 6,18,  420.19,  419.24
2023, 6,19,  420.12,  419.24
2023, 6,20,  420.04,  419.25
2023, 6,21,  419.97,  419.26
2023, 6,22,  419.89,  419.27
2023, 6,23,  419.81,  419.28
2023, 6,24,  419.72,  419.28
2023, 6,25,  419.64,  419.29
2023, 6,26,  419.55,  419.30
2023, 6,27,  419.46,  419.31
2023, 6,28,  419.37,  419.32
2023, 6,29,  419.28,  419.32
2023, 6,30,  419.19,  419.33
2023, 7, 1,  419.09,  419.34
2023, 7, 2,  418.99,  419.35
2023, 7, 3,  418.90,  419.36
2023, 7, 4,  418.80,  419.37
2023, 7, 5,  418.70,  419.37
2023, 7, 6,  418.60,  419.38
2023, 7, 7,  418.50,  419.39
2023, 7, 8,  418.40,  419.40
2023, 7, 9,  418.30,  419.41
2023, 7,10,  418.20,  419.41
2023, 7,11,  418.11,  419.42
2023, 7,12,  418.01,  419.43
2023, 7,13,  417.91,  419.44
2023, 7,14,  417.81,  419.45
2023, 7,15,  417.71,  419.46
2023, 7,16,  417.62,  419.46
2023, 7,17,  417.52,  419.47
2023, 7,18,  417.43,  419.48
2023, 7,19,  417.34,  419.49
2023, 7,20,  417.25,  419.50
2023, 7,21,  417.16,  419.51
2023, 7,22,  417.07,  419.51
2023, 7,23,  416.99,  419.52
2023, 7,24,  416.91,  419.53
2023, 7,25,  416.83,  419.54
2023, 7,26,  416.75,  419.55
2023, 7,27,  416.67,  419.56
2023, 7,28,  416.60,  419.56
2023, 7,29,  416.53,  419.57
2023, 7,30,  416.47,  419.58
2023, 7,31,  416.40,  419.59
2023, 8, 1,  416.34,  419.60
2023, 8, 2,  416.28,  419.61
2023, 8, 3,  416.23,  419.62
2023, 8, 4,  416.18,  419.62
2023, 8, 5,  416.13,  419.63
2023, 8, 6,  416.08,  419.64
2023, 8, 7,  416.04,  419.65
2023, 8, 8,  416.00,  419.66
2023, 8, 9,  415.97,  419.67
2023, 8,10,  415.93,  419.68
2023, 8,11,  415.91,  419.68
2023, 8,12,  415.88,  419.69
2023, 8,13,  415.86,  419.70
2023, 8,14,  415.84,  419.71
2023, 8,15,  415.82,  419.72
2023, 8,16,  415.81,  419.73
2023, 8,17,  415.80,  419.74
2023, 8,18,  415.79,  419.75
2023, 8,19,  415.79,  419.75
2023, 8,20,  415.79,  419.76
2023, 8,21,  415.79,  419.77
2023, 8,22,  415.80,  419.78
2023, 8,23,  415.81,  419.79
2023, 8,24,  415.82,  419.80
2023, 8,25,  415.83,  419.81
2023, 8,26,  415.84,  419.82
2023, 8,27,  415.86,  419.82
2023, 8,28,  415.88,  419.83
2023, 8,29,  415.91,  419.84
2023, 8,30,  415.93,  419.85
2023, 8,31,  415.96,  419.86
2023, 9, 1,  415.99,  419.87
2023, 9, 2,  416.02,  419.88
2023, 9, 3,  416.05,  419.89
2023, 9, 4,  416.09,  419.89
2023, 9, 5,  416.12,  419.90
2023, 9, 6,  416.16,  419.91
2023, 9, 7,  416.20,  419.92
2023, 9, 8,  416.24,  419.93
2023, 9, 9,  416.28,  419.94
2023, 9,10,  416.33,  419.95
2023, 9,11,  416.37,  419.96
2023, 9,12,  416.42,  419.97
2023, 9,13,  416.47,  419.98
2023, 9,14,  416.51,  419.98
2023, 9,15,  416.56,  419.99
2023, 9,16,  416.61,  420.00
2023, 9,17,  416.66,  420.01
2023, 9,18,  416.72,  420.02
2023, 9,19,  416.77,  420.03
2023, 9,20,  416.82,  420.04
2023, 9,21,  416.88,  420.05
2023, 9,22,  416.93,  420.06
2023, 9,23,  416.99,  420.07
2023, 9,24,  417.04,  420.08
2023, 9,25,  417.10,  420.08
2023, 9,26,  417.16,  420.09
2023, 9,27,  417.22,  420.10
2023, 9,28,  417.28,  420.11
2023, 9,29,  417.33,  420.12
2023, 9,30,  417.39,  420.13
2023,10, 1,  417.45,  420.14
2023,10, 2,  417.52,  420.15
2023,10, 3,  417.58,  420.16
2023,10, 4,  417.64,  420.17
2023,10, 5,  417.70,  420.18
2023,10, 6,  417.76,  420.19
2023,10, 7,  417.83,  420.19
2023,10, 8,  417.89,  420.20
2023,10, 9,  417.96,  420.21
2023,10,10,  418.02,  420.22
2023,10,11,  418.09,  420.23
2023,10,12,  418.15,  420.24
2023,10,13,  418.22,  420.25
2023,10,14,  418.29,  420.26
2023,10,15,  418.35,  420.27
2023,10,16,  418.42,  420.28
2023,10,17,  418.49,  420.29
2023,10,18,  418.56,  420.30
2023,10,19,  418.63,  420.31
2023,10,20,  418.69,  420.32
2023,10,21,  418.76,  420.33
2023,10,22,  418.83,  420.33
2023,10,23,  418.90,  420.34
2023,10,24,  418.97,  420.35
2023,10,25,  419.04,  420.36
2023,10,26,  419.11,  420.37
2023,10,27,  419.18,  420.38
2023,10,28,  419.25,  420.39
2023,10,29,  419.33,  420.40
2023,10,30,  419.40,  420.41
2023,10,31,  419.47,  420.42
2023,11, 1,  419.54,  420.43
2023,11, 2,  419.61,  420.44
2023,11, 3,  419.68,  420.45
2023,11, 4,  419.75,  420.46
2023,11, 5,  419.81,  420.47
2023,11, 6,  419.88,  420.48
2023,11, 7,  419.95,  420.49
2023,11, 8,  420.02,  420.50
2023,11, 9,  420.09,  420.51
2023,11,10,  420.15,  420.52
2023,11,11,  420.22,  420.52
2023,11,12,  420.28,  420.53
2023,11,13,  420.35,  420.54
2023,11,14,  420.41,  420.55
2023,11,15,  420.48,  420.56
2023,11,16,  420.54,  420.57
2023,11,17,  420.60,  420.58
2023,11,18,  420.66,  420.59
2023,11,19,  420.72,  420.60
2023,11,20,  420.78,  420.61
2023,11,21,  420.83,  420.62
2023,11,22,  420.89,  420.63
2023,11,23,  420.94,  420.64
2023,11,24,  421.00,  420.65
2023,11,25,  421.05,  420.66
2023,11,26,  421.10,  420.67
2023,11,27,  421.15,  420.68
2023,11,28,  421.20,  420.69
2023,11,29,  421.25,  420.70
2023,11,30,  421.30,  420.71
2023,12, 1,  421.34,  420.72
2023,12, 2,  421.39,  420.73
2023,12, 3,  421.43,  420.74
2023,12, 4,  421.47,  420.75
2023,12, 5,  421.52,  420.76
2023,12, 6,  421.56,  420.77
2023,12, 7,  421.60,  420.78
2023,12, 8,  421.63,  420.79
2023,12, 9,  421.67,  420.80
2023,12,10,  421.71,  420.81
2023,12,11,  421.75,  420.82
2023,12,12,  421.78,  420.83
2023,12,13,  421.82,  420.84
2023,12,14,  421.85,  420.85
2023,12,15,  421.88,  420.86
2023,12,16,  421.91,  420.87
2023,12,17,  421.95,  420.88
2023,12,18,  421.98,  420.89
2023,12,19,  422.01,  420.90
2023,12,20,  422.04,  420.91
2023,12,21,  422.07,  420.91
2023,12,22,  422.10,  420.92
2023,12,23,  422.13,  420.93
2023,12,24,  422.16,  420.94
2023,12,25,  422.18,  420.95
2023,12,26,  422.21,  420.96
2023,12,27,  422.24,  420.97
2023,12,28,  422.27,  420.98
2023,12,29,  422.30,  420.99
2023,12,30,  422.32,  421.00
2023,12,31,  422.35,  421.01
2024, 1, 1,  422.38,  421.02
2024, 1, 2,  422.41,  421.03
2024, 1, 3,  422.43,  421.04
2024, 1, 4,  422.46,  421.05
2024, 1, 5,  422.49,  421.06
2024, 1, 6,  422.52,  421.07
2024, 1, 7,  422.54,  421.08
2024, 1, 8,  422.57,  421.09
2024, 1, 9,  422.60,  421.10
2024, 1,10,  422.63,  421.11
2024, 1,11,  422.66,  421.12
2024, 1,12,  422.68,  421.13
2024, 1,13,  422.71,  421.14
2024, 1,14,  422.74,  421.15
2024, 1,15,  422.77,  421.16
2024, 1,16,  422.79,  421.17
2024, 1,17,  422.82,  421.18
2024, 1,18,  422.85,  421.19
2024, 1,19,  422.88,  421.20
2024, 1,20,  422.91,  421.21
2024, 1,21,  422.93,  421.23
2024, 1,22,  422.96,  421.24
2024, 1,23,  422.99,  421.25
2024, 1,24,  423.02,  421.26
2024, 1,25,  423.04,  421.27
2024, 1,26,  423.07,  421.28
2024, 1,27,  423.10,  421.29
2024, 1,28,  423.12,  421.30
2024, 1,29,  423.15,  421.31
2024, 1,30,  423.17,  421.32
2024, 1,31,  423.20,  421.33
2024, 2, 1,  423.22,  421.34
2024, 2, 2,  423.25,  421.35
2024, 2, 3,  423.27,  421.36
2024, 2, 4,  423.30,  421.37
2024, 2, 5,  423.32,  421.38
2024, 2, 6,  423.34,  421.39
2024, 2, 7,  423.36,  421.40
2024, 2, 8,  423.39,  421.41
2024, 2, 9,  423.41,  421.42
2024, 2,10,  423.43,  421.43
2024, 2,11,  423.45,  421.44
2024, 2,12,  423.47,  421.45
2024, 2,13,  423.49,  421.46
2024, 2,14,  423.50,  421.47
2024, 2,15,  423.52,  421.48
2024, 2,16,  423.54,  421.49
2024, 2,17,  423.56,  421.50
2024, 2,18,  423.57,  421.51
2024, 2,19,  423.59,  421.52
2024, 2,20,  423.60,  421.53
2024, 2,21,  423.62,  421.54
2024, 2,22,  423.63,  421.55
2024, 2,23,  423.64,  421.56
2024, 2,24,  423.66,  421.57
2024, 2,25,  423.67,  421.58
2024, 2,26,  423.68,  421.59
2024, 2,27,  423.69,  421.60
2024, 2,28,  423.70,  421.61
2024, 2,29,  423.71,  421.62
2024, 3, 1,  423.72,  421.63
2024, 3, 2,  423.73,  421.64
2024, 3, 3,  423.74,  421.65
2024, 3, 4,  423.75,  421.66
2024, 3, 5,  423.75,  421.67
2024, 3, 6,  423.76,  421.68
2024, 3, 7,  423.77,  421.70
2024, 3, 8,  423.77,  421.71
2024, 3, 9,  423.78,  421.72
2024, 3,10,  423.79,  421.73
2024, 3,11,  423.79,  421.74
2024, 3,12,  423.80,  421.75
2024, 3,13,  423.80,  421.76
2024, 3,14,  423.81,  421.77
2024, 3,15,  423.81,  421.78
2024, 3,16,  423.82,  421.79
2024, 3,17,  423.82,  421.80
2024, 3,18,  423.83,  421.81
2024, 3,19,  423.83,  421.82
2024, 3,20,  423.84,  421.83
2024, 3,21,  423.84,  421.84
2024, 3,22,  423.85,  421.85
2024, 3,23,  423.85,  421.86
2024, 3,24,  423.85,  421.87
2024, 3,25,  423.86,  421.88
2024, 3,26,  423.86,  421.89
2024, 3,27,  423.87,  421.90
2024, 3,28,  423.87,  421.91
2024, 3,29,  423.88,  421.92
2024, 3,30,  423.88,  421.93
2024, 3,31,  423.88,  421.94
2024, 4, 1,  423.89,  421.95
2024, 4, 2,  423.89,  421.96
2024, 4, 3,  423.90,  421.97
2024, 4, 4,  423.90,  421.99
2024, 4, 5,  423.91,  422.00
2024, 4, 6,  423.91,  422.01
2024, 4, 7,  423.92,  422.02
2024, 4, 8,  423.92,  422.03
2024, 4, 9,  423.93,  422.04
2024, 4,10,  423.93,  422.05
2024, 4,11,  423.94,  422.06
2024, 4,12,  423.95,  422.07
2024, 4,13,  423.95,  422.08
2024, 4,14,  423.96,  422.09
2024, 4,15,  423.96,  422.10
2024, 4,16,  423.97,  422.11
2024, 4,17,  423.98,  422.12
2024, 4,18,  423.98,  422.13
2024, 4,19,  423.99,  422.14
2024, 4,20,  423.99,  422.15
2024, 4,21,  424.00,  422.16
2024, 4,22,  424.01,  422.17
2024, 4,23,  424.01,  422.18
2024, 4,24,  424.02,  422.19
2024, 4,25,  424.03,  422.20
2024, 4,26,  424.03,  422.21
2024, 4,27,  424.04,  422.23
2024, 4,28,  424.04,  422.24
2024, 4,29,  424.05,  422.25
2024, 4,30,  424.05,  422.26
2024, 5, 1,  424.06,  422.27
2024, 5, 2,  424.06,  422.28
2024, 5, 3,  424.07,  422.29
2024, 5, 4,  424.07,  422.30
2024, 5, 5,  424.08,  422.31
2024, 5, 6,  424.08,  422.32
2024, 5, 7,  424.08,  422.33
2024, 5, 8,  424.08,  422.34
2024, 5, 9,  424.08,  422.35
2024, 5,10,  424.09,  422.36
2024, 5,11,  424.09,  422.37
2024, 5,12,  424.08,  422.38
2024, 5,13,  424.08,  422.39
2024, 5,14,  424.08,  422.40
2024, 5,15,  424.08,  422.41
2024, 5,16,  424.07,  422.42
2024, 5,17,  424.07,  422.43
2024, 5,18,  424.06,  422.44
2024, 5,19,  424.06,  422.45
2024, 5,20,  424.05,  422.47
2024, 5,21,  424.04,  422.48
2024, 5,22,  424.03,  422.49
2024, 5,23,  424.02,  422.50
2024, 5,24,  424.00,  422.51
2024, 5,25,  423.99,  422.52
2024, 5,26,  423.97,  422.53
2024, 5,27,  423.96,  422.54
2024, 5,28,  423.94,  422.55
2024, 5,29,  423.92,  422.56
2024, 5,30,  423.89,  422.57
2024, 5,31,  423.87,  422.58
2024, 6, 1,  423.85,  422.59
2024, 6, 2,  423.82,  422.60
2024, 6, 3,  423.79,  422.61
2024, 6, 4,  423.76,  422.62
2024, 6, 5,  423.73,  422.63
2024, 6, 6,  423.70,  422.64
2024, 6, 7,  423.66,  422.65
2024, 6, 8,  423.63,  422.66
2024, 6, 9,  423.59,  422.67
2024, 6,10,  423.55,  422.68
2024, 6,11,  423.51,  422.69
2024, 6,12,  423.46,  422.71
2024, 6,13,  423.42,  422.72
2024, 6,14,  423.37,  422.73
2024, 6,15,  423.32,  422.74
2024, 6,16,  423.27,  422.75
2024, 6,17,  423.22,  422.76
2024, 6,18,  423.17,  422.77
2024, 6,19,  423.11,  422.78
2024, 6,20,  423.05,  422.79
2024, 6,21,  422.99,  422.80
2024, 6,22,  422.94,  422.81
2024, 6,23,  422.87,  422.82
2024, 6,24,  422.81,  422.83
2024, 6,25,  422.75,  422.84
2024, 6,26,  422.68,  422.85
2024, 6,27,  422.61,  422.86
2024, 6,28,  422.55,  422.87
2024, 6,29,  422.48,  422.88
2024, 6,30,  422.41,  422.89
2024, 7, 1,  422.34,  422.90
2024, 7, 2,  422.26,  422.91
2024, 7, 3,  422.19,  422.92
2024, 7, 4,  422.12,  422.93
2024, 7, 5,  422.04,  422.94
2024, 7, 6,  421.97,  422.95
2024, 7, 7,  421.89,  422.96
2024, 7, 8,  421.82,  422.97
2024, 7, 9,  421.74,  422.99
2024, 7,10,  421.66,  423.00
2024, 7,11,  421.59,  423.01
2024, 7,12,  421.51,  423.02
2024, 7,13,  421.43,  423.03
2024, 7,14,  421.35,  423.04
2024, 7,15,  421.28,  423.05
2024, 7,16,  421.20,  423.06
2024, 7,17,  421.12,  423.07
2024, 7,18,  421.05,  423.08
2024, 7,19,  420.97,  423.09
2024, 7,20,  420.90,  423.10
2024, 7,21,  420.82,  423.11
2024, 7,22,  420.75,  423.12
2024, 7,23,  420.68,  423.13
2024, 7,24,  420.61,  423.14
2024, 7,25,  420.54,  423.15
2024, 7,26,  420.47,  423.16
2024, 7,27,  420.40,  423.17
2024, 7,28,  420.34,  423.18
2024, 7,29,  420.27,  423.19
2024, 7,30,  420.21,  423.20
2024, 7,31,  420.15,  423.21
2024, 8, 1,  420.09,  423.22
2024, 8, 2,  420.03,  423.23
2024, 8, 3,  419.98,  423.24
2024, 8, 4,  419.92,  423.25
2024, 8, 5,  419.87,  423.26
2024, 8, 6,  419.82,  423.27
2024, 8, 7,  419.78,  423.28
2024, 8, 8,  419.73,  423.29
2024, 8, 9,  419.69,  423.30
2024, 8,10,  419.65,  423.31
2024, 8,11,  419.61,  423.32
2024, 8,12,  419.58,  423.33
2024, 8,13,  419.55,  423.34
2024, 8,14,  419.52,  423.35
2024, 8,15,  419.49,  423.36
2024, 8,16,  419.47,  423.37
2024, 8,17,  419.45,  423.38
2024, 8,18,  419.43,  423.39
2024, 8,19,  419.42,  423.40
2024, 8,20,  419.40,  423.41
2024, 8,21,  419.39,  423.42
2024, 8,22,  419.39,  423.43
2024, 8,23,  419.39,  423.44
2024, 8,24,  419.38,  423.45
2024, 8,25,  419.39,  423.46
2024, 8,26,  419.39,  423.47
2024, 8,27,  419.40,  423.48
2024, 8,28,  419.41,  423.49
2024, 8,29,  419.43,  423.50
2024, 8,30,  419.44,  423.51
2024, 8,31,  419.46,  423.52
2024, 9, 1,  419.49,  423.53
2024, 9, 2,  419.51,  423.54
2024, 9, 3,  419.54,  423.55
2024, 9, 4,  419.57,  423.56
2024, 9, 5,  419.60,  423.57
2024, 9, 6,  419.64,  423.58
2024, 9, 7,  419.68,  423.59
2024, 9, 8,  419.72,  423.60
2024, 9, 9,  419.76,  423.61
2024, 9,10,  419.81,  423.62
2024, 9,11,  419.85,  423.63
2024, 9,12,  419.90,  423.64
2024, 9,13,  419.96,  423.65
2024, 9,14,  420.01,  423.66
2024, 9,15,  420.06,  423.67
2024, 9,16,  420.12,  423.68
2024, 9,17,  420.18,  423.69
2024, 9,18,  420.24,  423.70
2024, 9,19,  420.31,  423.71
2024, 9,20,  420.37,  423.72
2024, 9,21,  420.43,  423.73
2024, 9,22,  420.50,  423.74
2024, 9,23,  420.57,  423.75
2024, 9,24,  420.64,  423.76
2024, 9,25,  420.71,  423.77
2024, 9,26,  420.78,  423.78
2024, 9,27,  420.85,  423.79
2024, 9,28,  420.92,  423.80
2024, 9,29,  421.00,  423.81
2024, 9,30,  421.07,  423.82
2024,10, 1,  421.15,  423.83
2024,10, 2,  421.22,  423.84
2024,10, 3,  421.30,  423.85
2024,10, 4,  421.37,  423.86
2024,10, 5,  421.45,  423.87
2024,10, 6,  421.52,  423.88
2024,10, 7,  421.60,  423.89
2024,10, 8,  421.68,  423.89
2024,10, 9,  421.75,  423.90
2024,10,10,  421.83,  423.91
2024,10,11,  421.91,  423.92
2024,10,12,  421.98,  423.93
2024,10,13,  422.06,  423.94
2024,10,14,  422.13,  423.95
2024,10,15,  422.21,  423.96
2024,10,16,  422.28,  423.97
2024,10,17,  422.36,  423.98
2024,10,18,  422.43,  423.99
2024,10,19,  422.51,  424.00
2024,10,20,  422.58,  424.01
2024,10,21,  422.65,  424.02
2024,10,22,  422.73,  424.03
2024,10,23,  422.80,  424.04
2024,10,24,  422.87,  424.05
2024,10,25,  422.94,  424.06
2024,10,26,  423.01,  424.06
2024,10,27,  423.08,  424.07
2024,10,28,  423.15,  424.08
2024,10,29,  423.22,  424.09
2024,10,30,  423.28,  424.10
2024,10,31,  423.35,  424.11
2024,11, 1,  423.42,  424.12
2024,11, 2,  423.48,  424.13
2024,11, 3,  423.55,  424.14
2024,11, 4,  423.61,  424.15
2024,11, 5,  423.68,  424.16
2024,11, 6,  423.74,  424.17
2024,11, 7,  423.80,  424.18
2024,11, 8,  423.87,  424.19
2024,11, 9,  423.93,  424.19
2024,11,10,  423.99,  424.20
2024,11,11,  424.05,  424.21
2024,11,12,  424.11,  424.22
2024,11,13,  424.17,  424.23
2024,11,14,  424.22,  424.24
2024,11,15,  424.28,  424.25
2024,11,16,  424.34,  424.26
2024,11,17,  424.39,  424.27
2024,11,18,  424.45,  424.28
2024,11,19,  424.50,  424.29
2024,11,20,  424.56,  424.29
2024,11,21,  424.61,  424.30
2024,11,22,  424.66,  424.31
2024,11,23,  424.72,  424.32
2024,11,24,  424.77,  424.33
2024,11,25,  424.82,  424.34
2024,11,26,  424.87,  424.35
2024,11,27,  424.92,  424.36
2024,11,28,  424.96,  424.37
2024,11,29,  425.01,  424.38
2024,11,30,  425.06,  424.38
2024,12, 1,  425.10,  424.39
2024,12, 2,  425.15,  424.40
2024,12, 3,  425.19,  424.41
2024,12, 4,  425.24,  424.42
2024,12, 5,  425.28,  424.43
2024,12, 6,  425.32,  424.44
2024,12, 7,  425.36,  424.45
2024,12, 8,  425.40,  424.45
2024,12, 9,  425.44,  424.46
2024,12,10,  425.48,  424.47
2024,12,11,  425.52,  424.48
2024,12,12,  425.56,  424.49
2024,12,13,  425.60,  424.50
2024,12,14,  425.63,  424.51
2024,12,15,  425.67,  424.52
2024,12,16,  425.70,  424.52
2024,12,17,  425.74,  424.53
2024,12,18,  425.77,  424.54
2024,12,19,  425.80,  424.55
2024,12,20,  425.84,  424.56
2024,12,21,  425.87,  424.57
2024,12,22,  425.90,  424.58
2024,12,23,  425.93,  424.58
2024,12,24,  425.96,  424.59
2024,12,25,  425.99,  424.60
2024,12,26,  426.01,  424.61
2024,12,27,  426.04,  424.62
2024,12,28,  426.07,  424.63
2024,12,29,  426.10,  424.63
2024,12,30,  426.12,  424.64
2024,12,31,  426.15,  424.65
2025, 1, 1,  426.17,  424.66
2025, 1, 2,  426.20,  424.67
2025, 1, 3,  426.22,  424.68
2025, 1, 4,  426.25,  424.68
2025, 1, 5,  426.27,  424.69
2025, 1, 6,  426.29,  424.70
2025, 1, 7,  426.32,  424.71
2025, 1, 8,  426.34,  424.72
2025, 1, 9,  426.36,  424.73
2025, 1,10,  426.39,  424.73
2025, 1,11,  426.41,  424.74
2025, 1,12,  426.43,  424.75
2025, 1,13,  426.45,  424.76
2025, 1,14,  426.47,  424.77
2025, 1,15,  426.49,  424.78
2025, 1,16,  426.51,  424.78
2025, 1,17,  426.53,  424.79
2025, 1,18,  426.55,  424.80
2025, 1,19,  426.57,  424.81
2025, 1,20,  426.59,  424.82
2025, 1,21,  426.61,  424.82
2025, 1,22,  426.63,  424.83
2025, 1,23,  426.65,  424.84
2025, 1,24,  426.67,  424.85
2025, 1,25,  426.69,  424.86
2025, 1,26,  426.71,  424.86
2025, 1,27,  426.73,  424.87
2025, 1,28,  426.75,  424.88
2025, 1,29,  426.77,  424.89
2025, 1,30,  426.79,  424.90
2025, 1,31,  426.80,  424.90
2025, 2, 1,  426.82,  424.91
2025, 2, 2,  426.84,  424.92
2025, 2, 3,  426.86,  424.93
2025, 2, 4,  426.87,  424.94
2025, 2, 5,  426.89,  424.94
2025, 2, 6,  426.91,  424.95
2025, 2, 7,  426.92,  424.96
2025, 2, 8,  426.94,  424.97
2025, 2, 9,  426.95,  424.97
2025, 2,10,  426.97,  424.98
2025, 2,11,  426.98,  424.99
2025, 2,12,  427.00,  425.00
2025, 2,13,  427.01,  425.00
2025, 2,14,  427.02,  425.01
2025, 2,15,  427.04,  425.02
2025, 2,16,  427.05,  425.03
2025, 2,17,  427.06,  425.04
2025, 2,18,  427.07,  425.04
2025, 2,19,  427.08,  425.05
2025, 2,20,  427.09,  425.06
2025, 2,21,  427.10,  425.07
2025, 2,22,  427.11,  425.07
2025, 2,23,  427.12,  425.08
2025, 2,24,  427.13,  425.09
2025, 2,25,  427.14,  425.10
2025, 2,26,  427.15,  425.10
2025, 2,27,  427.15,  425.11
2025, 2,28,  427.16,  425.12
2025, 3, 1,  427.17,  425.13
2025, 3, 2,  427.17,  425.13
2025, 3, 3,  427.18,  425.14
2025, 3, 4,  427.18,  425.15
2025, 3, 5,  427.19,  425.15
2025, 3, 6,  427.19,  425.16
2025, 3, 7,  427.19,  425.17
2025, 3, 8,  427.20,  425.18
2025, 3, 9,  427.20,  425.18
2025, 3,10,  427.20,  425.19
2025, 3,11,  427.21,  425.20
2025, 3,12,  427.21,  425.21
2025, 3,13,  427.21,  425.21
2025, 3,14,  427.21,  425.22
2025, 3,15,  427.22,  425.23
2025, 3,16,  427.22,  425.23
2025, 3,17,  427.22,  425.24
2025, 3,18,  427.22,  425.25
2025, 3,19,  427.22,  425.26
2025, 3,20,  427.23,  425.26
2025, 3,21,  427.23,  425.27
2025, 3,22,  427.23,  425.28
2025, 3,23,  427.23,  425.28
2025, 3,24,  427.23,  425.29
2025, 3,25,  427.24,  425.30
2025, 3,26,  427.24,  425.30
2025, 3,27,  427.24,  425.31
2025, 3,28,  427.25,  425.32
2025, 3,29,  427.25,  425.33
2025, 3,30,  427.25,  425.33
2025, 3,31,  427.26,  425.34
2025, 4, 1,  427.26,  425.35
2025, 4, 2,  427.27,  425.35
2025, 4, 3,  427.28,  425.36
2025, 4, 4,  427.28,  425.37
2025, 4, 5,  427.29,  425.37
2025, 4, 6,  427.29,  425.38
2025, 4, 7,  427.30,  425.39
2025, 4, 8,  427.31,  425.39
2025, 4, 9,  427.32,  425.40
2025, 4,10,  427.33,  425.41
2025, 4,11,  427.34,  425.41
2025, 4,12,  427.35,  425.42
2025, 4,13,  427.36,  425.43
2025, 4,14,  427.37,  425.43
2025, 4,15,  427.38,  425.44
2025, 4,16,  427.39,  425.45
2025, 4,17,  427.40,  425.45
2025, 4,18,  427.41,  425.46
2025, 4,19,  427.42,  425.47
2025, 4,20,  427.43,  425.47
2025, 4,21,  427.45,  425.48
2025, 4,22,  427.46,  425.49
2025, 4,23,  427.47,  425.49
2025, 4,24,  427.48,  425.50
2025, 4,25,  427.49,  425.51
2025, 4,26,  427.51,  425.51
2025, 4,27,  427.52,  425.52
2025, 4,28,  427.53,  425.52
2025, 4,29,  427.54,  425.53
2025, 4,30,  427.55,  425.54
2025, 5, 1,  427.57,  425.54
2025, 5, 2,  427.58,  425.55
2025, 5, 3,  427.59,  425.56
2025, 5, 4,  427.60,  425.56
2025, 5, 5,  427.60,  425.57
2025, 5, 6,  427.61,  425.57
2025, 5, 7,  427.62,  425.58
2025, 5, 8,  427.63,  425.59
2025, 5, 9,  427.63,  425.59
2025, 5,10,  427.64,  425.60
2025, 5,11,  427.64,  425.61
2025, 5,12,  427.64,  425.61
2025, 5,13,  427.64,  425.62
2025, 5,14,  427.64,  425.62
2025, 5,15,  427.64,  425.63
2025, 5,16,  427.64,  425.64
2025, 5,17,  427.64,  425.64
2025, 5,18,  427.63,  425.65
2025, 5,19,  427.62,  425.65
2025, 5,20,  427.62,  425.66
2025, 5,21,  427.60,  425.67
2025, 5,22,  427.59,  425.67
2025, 5,23,  427.58,  425.68
2025, 5,24,  427.56,  425.68
2025, 5,25,  427.54,  425.69
2025, 5,26,  427.52,  425.70
2025, 5,27,  427.50,  425.70
2025, 5,28,  427.48,  425.71
2025, 5,29,  427.45,  425.71
2025, 5,30,  427.42,  425.72
2025, 5,31,  427.39,  425.73
2025, 6, 1,  427.36,  425.73
2025, 6, 2,  427.33,  425.74
2025, 6, 3,  427.29,  425.74
2025, 6, 4,  427.25,  425.75
2025, 6, 5,  427.21,  425.76
2025, 6, 6,  427.17,  425.76
2025, 6, 7,  427.12,  425.77
2025, 6, 8,  427.07,  425.77
2025, 6, 9,  427.02,  425.78
2025, 6,10,  426.97,  425.78
2025, 6,11,  426.91,  425.79
2025, 6,12,  426.86,  425.80
2025, 6,13,  426.80,  425.80
2025, 6,14,  426.74,  425.81
2025, 6,15,  426.67,  425.81
2025, 6,16,  426.61,  425.82
2025, 6,17,  426.54,  425.82
2025, 6,18,  426.47,  425.83
2025, 6,19,  426.40,  425.83
2025, 6,20,  426.33,  425.84
2025, 6,21,  426.25,  425.85
2025, 6,22,  426.18,  425.85
2025, 6,23,  426.10,  425.86
2025, 6,24,  426.02,  425.86
2025, 6,25,  425.94,  425.87
2025, 6,26,  425.86,  425.87
2025, 6,27,  425.77,  425.88
2025, 6,28,  425.69,  425.88
2025, 6,29,  425.60,  425.89
2025, 6,30,  425.52,  425.90
2025, 7, 1,  425.43,  425.90
2025, 7, 2,  425.34,  425.91
2025, 7, 3,  425.25,  425.91
2025, 7, 4,  425.16,  425.92
2025, 7, 5,  425.07,  425.92
2025, 7, 6,  424.98,  425.93
2025, 7, 7,  424.89,  425.93
2025, 7, 8,  424.80,  425.94
2025, 7, 9,  424.71,  425.94
2025, 7,10,  424.62,  425.95
2025, 7,11,  424.53,  425.95
2025, 7,12,  424.44,  425.96
2025, 7,13,  424.35,  425.97
2025, 7,14,  424.26,  425.97
2025, 7,15,  424.17,  425.98
2025, 7,16,  424.08,  425.98
2025, 7,17,  423.99,  425.99
2025, 7,18,  423.91,  425.99
2025, 7,19,  423.82,  426.00
2025, 7,20,  423.74,  426.00
2025, 7,21,  423.65,  426.01
2025, 7,22,  423.57,  426.01
2025, 7,23,  423.49,  426.02
2025, 7,24,  423.41,  426.02
2025, 7,25,  423.34,  426.03
2025, 7,26,  423.26,  426.03
2025, 7,27,  423.19,  426.04
2025, 7,28,  423.12,  426.04
2025, 7,29,  423.05,  426.05
2025, 7,30,  422.98,  426.05
2025, 7,31,  422.91,  426.06
2025, 8, 1,  422.85,  426.06
2025, 8, 2,  422.79,  426.07
2025, 8, 3,  422.73,  426.07
2025, 8, 4,  422.68,  426.08
2025, 8, 5,  422.62,  426.08
2025, 8, 6,  422.57,  426.09
2025, 8, 7,  422.52,  426.09
2025, 8, 8,  422.48,  426.10
2025, 8, 9,  422.43,  426.10
2025, 8,10,  422.39,  426.11
2025, 8,11,  422.35,  426.11
2025, 8,12,  422.32,  426.12
2025, 8,13,  422.29,  426.12
2025, 8,14,  422.26,  426.13
2025, 8,15,  422.23,  426.13
2025, 8,16,  422.20,  426.14
2025, 8,17,  422.18,  426.14
2025, 8,18,  422.16,  426.15
2025, 8,19,  422.15,  426.15
2025, 8,20,  422.13,  426.16
2025, 8,21,  422.12,  426.16
2025, 8,22,  422.11,  426.17
2025, 8,23,  422.11,  426.17
2025, 8,24,  422.10,  426.18
2025, 8,25,  422.10,  426.18
2025, 8,26,  422.10,  426.19
2025, 8,27,  422.11,  426.19
2025, 8,28,  422.11,  426.19
2025, 8,29,  422.12,  426.20
2025, 8,30,  422.14,  426.20
2025, 8,31,  422.15,  426.21
2025, 9, 1,  422.17,  426.21
2025, 9, 2,  422.19,  426.22
2025, 9, 3,  422.21,  426.22
2025, 9, 4,  422.23,  426.23
2025, 9, 5,  422.25,  426.23
2025, 9, 6,  422.28,  426.24
2025, 9, 7,  422.31,  426.24
2025, 9, 8,  422.34,  426.25
2025, 9, 9,  422.38,  426.25
2025, 9,10,  422.41,  426.26
2025, 9,11,  422.45,  426.26
2025, 9,12,  422.49,  426.26
2025, 9,13,  422.53,  426.27
2025, 9,14,  422.57,  426.27
2025, 9,15,  422.62,  426.28
2025, 9,16,  422.66,  426.28
2025, 9,17,  422.71,  426.29
2025, 9,18,  422.76,  426.29
2025, 9,19,  422.81,  426.30
2025, 9,20,  422.86,  426.30
2025, 9,21,  422.91,  426.31
2025, 9,22,  422.96,  426.31
2025, 9,23,  423.02,  426.31
2025, 9,24,  423.07,  426.32
2025, 9,25,  423.13,  426.32
2025, 9,26,  423.19,  426.33
2025, 9,27,  423.25,  426.33
2025, 9,28,  423.31,  426.34
2025, 9,29,  423.37,  426.34
2025, 9,30,  423.43,  426.35
2025,10, 1,  423.49,  426.35
2025,10, 2,  423.55,  426.36
2025,10, 3,  423.61,  426.36
2025,10, 4,  423.67,  426.36
2025,10, 5,  423.74,  426.37
2025,10, 6,  423.80,  426.37
2025,10, 7,  423.86,  426.38
2025,10, 8,  423.93,  426.38
2025,10, 9,  423.99,  426.39
2025,10,10,  424.06,  426.39
2025,10,11,  424.12,  426.40
2025,10,12,  424.19,  426.40
2025,10,13,  424.25,  426.40
2025,10,14,  424.32,  426.41
2025,10,15,  424.38,  426.41
2025,10,16,  424.44,  426.42
2025,10,17,  424.51,  426.42
2025,10,18,  424.57,  426.43
2025,10,19,  424.64,  426.43
2025,10,20,  424.70,  426.43
2025,10,21,  424.77,  426.44
2025,10,22,  424.83,  426.44
2025,10,23,  424.89,  426.45
2025,10,24,  424.96,  426.45
2025,10,25,  425.02,  426.46
2025,10,26,  425.08,  426.46
2025,10,27,  425.15,  426.46
2025,10,28,  425.21,  426.47
2025,10,29,  425.27,  426.47
2025,10,30,  425.33,  426.48
2025,10,31,  425.40,  426.48
2025,11, 1,  425.46,  426.49
2025,11, 2,  425.52,  426.49
2025,11, 3,  425.58,  426.49
2025,11, 4,  425.64,  426.50
2025,11, 5,  425.70,  426.50
2025,11, 6,  425.76,  426.51
2025,11, 7,  425.82,  426.51
2025,11, 8,  425.89,  426.52
2025,11, 9,  425.95,  426.52
2025,11,10,  426.01,  426.52
2025,11,11,  426.07,  426.53
2025,11,12,  426.13,  426.53
2025,11,13,  426.19,  426.54
2025,11,14,  426.25,  426.54
2025,11,15,  426.30,  426.55
2025,11,16,  426.36,  426.55
2025,11,17,  426.42,  426.55
2025,11,18,  426.48,  426.56
2025,11,19,  426.54,  426.56
2025,11,20,  426.60,  426.57
2025,11,21,  426.66,  426.57
2025,11,22,  426.72,  426.57
2025,11,23,  426.77,  426.58
2025,11,24,  426.83,  426.58
2025,11,25,  426.89,  426.59
2025,11,26,  426.95,  426.59
2025,11,27,  427.00,  426.60
2025,11,28,  427.06,  426.60
2025,11,29,  427.12,  426.60
2025,11,30,  427.17,  426.61
2025,12, 1,  427.23,  426.61
2025,12, 2,  427.29,  426.62
2025,12, 3,  427.34,  426.62
2025,12, 4,  427.39,  426.62
2025,12, 5,  427.45,  426.63
2025,12, 6,  427.50,  426.63
2025,12, 7,  427.55,  426.64
2025,12, 8,  427.60,  426.64
2025,12, 9,  427.65,  426.65
2025,12,10,  427.70,  426.65
2025,12,11,  427.75,  426.65
2025,12,12,  427.80,  426.66
2025,12,13,  427.85,  426.66
2025,12,14,  427.89,  426.67
2025,12,15,  427.94,  426.67
2025,12,16,  427.98,  426.67
2025,12,17,  428.03,  426.68
2025,12,18,  428.07,  426.68
2025,12,19,  428.11,  426.69
2025,12,20,  428.15,  426.69
2025,12,21,  428.18,  426.69
2025,12,22,  428.22,  426.70
2025,12,23,  428.25,  426.70
2025,12,24,  428.29,  426.71
2025,12,25,  428.32,  426.71
2025,12,26,  428.35,  426.72
2025,12,27,  428.37,  426.72
2025,12,28,  428.40,  426.72
2025,12,29,  428.43,  426.73
2025,12,30,  428.45,  426.73
2025,12,31,  428.47,  426.74
2026, 1, 1,  428.49,  426.74
2026, 1, 2,  428.51,  426.74
2026, 1, 3,  428.52,  426.75
2026, 1, 4,  428.54,  426.75
2026, 1, 5,  428.55,  426.76
2026, 1, 6,  428.57,  426.76
2026, 1, 7,  428.58,  426.76
2026, 1, 8,  428.58,  426.77
2026, 1, 9,  428.59,  426.77
2026, 1,10,  428.60,  426.78
2026, 1,11,  428.60,  426.78
2026, 1,12,  428.61,  426.79
2026, 1,13,  428.61,  426.79
2026, 1,14,  428.61,  426.79
2026, 1,15,  428.61,  426.80
2026, 1,16,  428.61,  426.80
2026, 1,17,  428.61,  426.81
2026, 1,18,  428.60,  426.81
2026, 1,19,  428.60,  426.81
2026, 1,20,  428.59,  426.82
2026, 1,21,  428.59,  426.82
2026, 1,22,  428.58,  426.83
2026, 1,23,  428.58,  426.83
2026, 1,24,  428.57,  426.83
2026, 1,25,  428.56,  426.84
2026, 1,26,  428.56,  426.84
2026, 1,27,  428.55,  426.85
2026, 1,28,  428.54,  426.85
2026, 1,29,  428.54,  426.86
2026, 1,30,  428.53,  426.86
2026, 1,31,  428.52,  426.86
2026, 2, 1,  428.52,  426.87
2026, 2, 2,  428.51,  426.87
2026, 2, 3,  428.51,  426.88
2026, 2, 4,  428.50,  426.88
2026, 2, 5,  428.50,  426.88
2026, 2, 6,  428.49,  426.89
2026, 2, 7,  428.49,  426.89
2026, 2, 8,  428.49,  426.90
2026, 2, 9,  428.49,  426.90
2026, 2,10,  428.48,  426.90
2026, 2,11,  428.49,  426.91
2026, 2,12,  428.49,  426.91
2026, 2,13,  428.49,  426.92
2026, 2,14,  428.49,  426.92
2026, 2,15,  428.50,  426.93
2026, 2,16,  428.50,  426.93
2026, 2,17,  428.51,  426.93
2026, 2,18,  428.51,  426.94
2026, 2,19,  428.52,  426.94
2026, 2,20,  428.53,  426.95
2026, 2,21,  428.54,  426.95
2026, 2,22,  428.55,  426.95
2026, 2,23,  428.56,  426.96
2026, 2,24,  428.57,  426.96
2026, 2,25,  428.59,  426.97
2026, 2,26,  428.60,  426.97
2026, 2,27,  428.62,  426.98
2026, 2,28,  428.63,  426.98
2026, 3, 1,  428.65,  426.98
2026, 3, 2,  428.67,  426.99
2026, 3, 3,  428.68,  426.99
2026, 3, 4,  428.70,  427.00
2026, 3, 5,  428.72,  427.00
2026, 3, 6,  428.74,  427.00
2026, 3, 7,  428.76,  427.01
2026, 3, 8,  428.78,  427.01
2026, 3, 9,  428.80,  427.02
2026, 3,10,  428.82,  427.02
2026, 3,11,  428.84,  427.03
2026, 3,12,  428.86,  427.03
2026, 3,13,  428.88,  427.03
2026, 3,14,  428.90,  427.04
2026, 3,15,  428.92,  427.04
2026, 3,16,  428.94,  427.05
2026, 3,17,  428.95,  427.05
2026, 3,18,  428.97,  427.06
2026, 3,19,  428.99,  427.06
2026, 3,20,  429.01,  427.06
2026, 3,21,  429.03,  427.07
2026, 3,22,  429.05,  427.07
2026, 3,23,  429.06,  427.08
2026, 3,24,  429.08,  427.08
2026, 3,25,  429.10,  427.09
2026, 3,26,  429.11,  427.09
2026, 3,27,  429.13,  427.09
2026, 3,28,  429.14,  427.10
2026, 3,29,  429.16,  427.10
2026, 3,30,  429.17,  427.11
2026, 3,31,  429.18,  427.11
2026, 4, 1,  429.20,  427.12
2026, 4, 2,  429.21,  427.12
2026, 4, 3,  429.22,  427.12
2026, 4, 4,  429.23,  427.13
2026, 4, 5,  429.24,  427.13
2026, 4, 6,  429.25,  427.14
2026, 4, 7,  429.26,  427.14
2026, 4, 8,  429.27,  427.15
2026, 4, 9,  429.28,  427.15
2026, 4,10,  429.28,  427.16
2026, 4,11,  429.29,  427.16
2026, 4,12,  429.30,  427.16
2026, 4,13,  429.30,  427.17
2026, 4,14,  429.31,  427.17
2026, 4,15,  429.32,  427.18
2026, 4,16,  429.32,  427.18
2026, 4,17,  429.33,  427.19
2026, 4,18,  429.33,  427.19
2026, 4,19,  429.34,  427.19
2026, 4,20,  429.34,  427.20
2026, 4,21,  429.35,  427.20
2026, 4,22,  429.35,  427.21
2026, 4,23,  429.35,  427.21
2026, 4,24,  429.36,  427.22
2026, 4,25,  429.36,  427.22
2026, 4,26,  429.37,  427.23
2026, 4,27,  429.37,  427.23
2026, 4,28,  429.37,  427.24
2026, 4,29,  429.37,  427.24
2026, 4,30,  429.38,  427.24
2026, 5, 1,  429.38,  427.25
2026, 5, 2,  429.38,  427.25
2026, 5, 3,  429.38,  427.26
2026, 5, 4,  429.39,  427.26
2026, 5, 5,  429.39,  427.27
2026, 5, 6,  429.39,  427.27
2026, 5, 7,  429.39,  427.28
2026, 5, 8,  429.39,  427.28
2026, 5, 9,  429.39,  427.29
2026, 5,10,  429.39,  427.29
2026, 5,11,  429.39,  427.29
2026, 5,12,  429.38,  427.30
2026, 5,13,  429.38,  427.30
2026, 5,14,  429.38,  427.31
2026, 5,15,  429.37,  427.31
2026, 5,16,  429.37,  427.32
2026, 5,17,  429.36,  427.32
2026, 5,18,  429.36,  427.33
2026, 5,19,  429.35,  427.33
2026, 5,20,  429.34,  427.34
2026, 5,21,  429.33,  427.34
2026, 5,22,  429.32,  427.35
2026, 5,23,  429.30,  427.35
2026, 5,24,  429.29,  427.36
2026, 5,25,  429.27,  427.36
2026, 5,26,  429.25,  427.36
2026, 5,27,  429.24,  427.37
2026, 5,28,  429.21,  427.37
2026, 5,29,  429.19,  427.38
2026, 5,30,  429.17,  427.38
2026, 5,31,  429.14,  427.39
2026, 6, 1,  429.11,  427.39
2026, 6, 2,  429.08,  427.40
2026, 6, 3,  429.05,  427.40
2026, 6, 4,  429.01,  427.41
2026, 6, 5,  428.98,  427.41
2026, 6, 6,  428.94,  427.42
2026, 6, 7,  428.90,  427.42
2026, 6, 8,  428.85,  427.43
2026, 6, 9,  428.81,  427.43
2026, 6,10,  428.76,  427.44
2026, 6,11,  428.71,  427.44
2026, 6,12,  428.65,  427.45
2026, 6,13,  428.60,  427.45
2026, 6,14,  428.54,  427.46
2026, 6,15,  428.48,  427.46
2026, 6,16,  428.41,  427.47
2026, 6,17,  428.35,  427.47
2026, 6,18,  428.28,  427.48
2026, 6,19,  428.21,  427.48
2026, 6,20,  428.14,  427.49
2026, 6,21,  428.06,  427.49
2026, 6,22,  427.99,  427.50
2026, 6,23,  427.91,  427.50
2026, 6,24,  427.83,  427.51
2026, 6,25,  427.75,  427.51
2026, 6,26,  427.66,  427.52
2026, 6,27,  427.57,  427.52
2026, 6,28,  427.49,  427.53
2026, 6,29,  427.40,  427.53
2026, 6,30,  427.31,  427.54
2026, 7, 1,  427.21,  427.54
2026, 7, 2,  427.12,  427.55
2026, 7, 3,  427.02,  427.55
2026, 7, 4,  426.93,  427.56
2026, 7, 5,  426.83,  427.56
2026, 7, 6,  426.73,  427.57
2026, 7, 7,  426.63,  427.57
2026, 7, 8,  426.53,  427.58
2026, 7, 9,  426.43,  427.58
2026, 7,10,  426.34,  427.59
2026, 7,11,  426.24,  427.59
2026, 7,12,  426.14,  427.60
2026, 7,13,  426.04,  427.60
2026, 7,14,  425.94,  427.61
2026, 7,15,  425.84,  427.61
2026, 7,16,  425.74,  427.62
2026, 7,17,  425.64,  427.62
2026, 7,18,  425.55,  427.63
2026, 7,19,  425.45,  427.64
2026, 7,20,  425.36,  427.64
2026, 7,21,  425.27,  427.65
2026, 7,22,  425.18,  427.65
2026, 7,23,  425.09,  427.66
2026, 7,24,  425.00,  427.66
2026, 7,25,  424.91,  427.67
2026, 7,26,  424.83,  427.67
2026, 7,27,  424.75,  427.68
2026, 7,28,  424.67,  427.68
2026, 7,29,  424.59,  427.69
2026, 7,30,  424.52,  427.69
2026, 7,31,  424.45,  427.70
2026, 8, 1,  424.38,  427.71
2026, 8, 2,  424.32,  427.71
2026, 8, 3,  424.25,  427.72
2026, 8, 4,  424.19,  427.72
2026, 8, 5,  424.14,  427.73
2026, 8, 6,  424.09,  427.73
2026, 8, 7,  424.04,  427.74
2026, 8, 8,  423.99,  427.74
2026, 8, 9,  423.95,  427.75
2026, 8,10,  423.91,  427.76
2026, 8,11,  423.87,  427.76
2026, 8,12,  423.84,  427.77
2026, 8,13,  423.81,  427.77
2026, 8,14,  423.78,  427.78
2026, 8,15,  423.76,  427.78
2026, 8,16,  423.74,  427.79
2026, 8,17,  423.72,  427.79
2026, 8,18,  423.71,  427.80
2026, 8,19,  423.70,  427.81
2026, 8,20,  423.69,  427.81
2026, 8,21,  423.69,  427.82
2026, 8,22,  423.69,  427.82
2026, 8,23,  423.69,  427.83
2026, 8,24,  423.70,  427.83
2026, 8,25,  423.71,  427.84
2026, 8,26,  423.72,  427.85
2026, 8,27,  423.74,  427.85
2026, 8,28,  423.76,  427.86
2026, 8,29,  423.78,  427.86
2026, 8,30,  423.81,  427.87
2026, 8,31,  423.83,  427.88
2026, 9, 1,  423.86,  427.88
